"","Date","LakeLevel(ft)"
"1",1999-01-01,4202.3
"2",1999-02-01,4202.7
"3",1999-03-01,4203
"4",1999-04-01,4203.2
"5",1999-05-01,4203.5
"6",1999-06-01,4203.9
"7",1999-07-01,4204
"8",1999-08-01,4203.4
"9",1999-09-01,4202.9
"10",1999-10-01,4202.5
"11",1999-11-01,4202.4
"12",1999-12-01,4202.4
"13",2000-01-01,4202.5
"14",2000-02-01,4202.8
"15",2000-03-01,4203.2
"16",2000-04-01,4203.4
"17",2000-05-01,4203.3
"18",2000-06-01,4203.1
"19",2000-07-01,4202.4
"20",2000-08-01,4201.9
"21",2000-09-01,4201.4
"22",2000-10-01,4201.1
"23",2000-11-01,4201.2
"24",2000-12-01,4201.1
"25",2001-01-01,4201.2
"26",2001-02-01,4201.2
"27",2001-03-01,4201.4
"28",2001-04-01,4201.5
"29",2001-05-01,4201.6
"30",2001-06-01,4201.1
"31",2001-07-01,4200.7
"32",2001-08-01,4200.1
"33",2001-09-01,4199.5
"34",2001-10-01,4199.11
"35",2001-11-01,4198.81
"36",2001-12-01,4198.93
"37",2002-01-01,4199.18
"38",2002-02-01,4199.28
"39",2002-03-01,4199.53
"40",2002-04-01,4199.56
"41",2002-05-01,4199.77
"42",2002-06-01,4199.46
"43",2002-07-01,4199.04
"44",2002-08-01,4198.38
"45",2002-09-01,4197.7
"46",2002-10-01,4197.5
"47",2002-11-01,4197.31
"48",2002-12-01,4197.24
"49",2003-01-01,4197.37
"50",2003-02-01,4197.47
"51",2003-03-01,4197.68
"52",2003-04-01,4197.61
"53",2003-05-01,4197.66
"54",2003-06-01,4197.6
"55",2003-07-01,4196.91
"56",2003-08-01,4196.35
"57",2003-09-01,4195.75
"58",2003-10-01,4195.43
"59",2003-11-01,4195.19
"60",2003-12-01,4195.08
"61",2004-01-01,4195.16
"62",2004-02-01,4195.5
"63",2004-03-01,4195.83
"64",2004-04-01,4196.25
"65",2004-05-01,4196.18
"66",2004-06-01,4195.91
"67",2004-07-01,4195.43
"68",2004-08-01,4194.91
"69",2004-09-01,4194.38
"70",2004-10-01,4194.12
"71",2004-11-01,4194.22
"72",2004-12-01,4194.33
"73",2005-01-01,4194.49
"74",2005-02-01,4195.28
"75",2005-03-01,4195.52
"76",2005-04-01,4195.77
"77",2005-05-01,4196.22
"78",2005-06-01,4197.34
"79",2005-07-01,4197.3
"80",2005-08-01,4196.6
"81",2005-09-01,4196.01
"82",2005-10-01,4195.57
"83",2005-11-01,4195.48
"84",2005-12-01,4195.5
"85",2006-01-01,4195.78
"86",2006-02-01,4196.28
"87",2006-03-01,4196.58
"88",2006-04-01,4197.07
"89",2006-05-01,4197.96
"90",2006-06-01,4198.02
"91",2006-07-01,4197.76
"92",2006-08-01,4197.11
"93",2006-09-01,4196.52
"94",2006-10-01,4196.36
"95",2006-11-01,4196.42
"96",2006-12-01,4196.56
"97",2007-01-01,4196.81
"98",2007-02-01,4196.82
"99",2007-03-01,4197.24
"100",2007-04-01,4197.56
"101",2007-05-01,4197.5
"102",2007-06-01,4197.14
"103",2007-07-01,4196.77
"104",2007-08-01,4196.15
"105",2007-09-01,4195.56
"106",2007-10-01,4195.26
"107",2007-11-01,4195.11
"108",2007-12-01,4195.04
"109",2008-01-01,4195.24
"110",2008-02-01,4195.39
"111",2008-03-01,4195.77
"112",2008-04-01,4196
"113",2008-05-01,4196.03
"114",2008-06-01,4196.02
"115",2008-07-01,4195.72
"116",2008-08-01,4195.04
"117",2008-09-01,4194.47
"118",2008-10-01,4194.08
"119",2008-11-01,4193.93
"120",2008-12-01,4194.06
"121",2009-01-01,4194.07
"122",2009-02-01,4194.41
"123",2009-03-01,4194.86
"124",2009-04-01,4195.37
"125",2009-05-01,4195.61
"126",2009-06-01,4195.74
"127",2009-07-01,4196.06
"128",2009-08-01,4195.46
"129",2009-09-01,4194.88
"130",2009-10-01,4194.48
"131",2009-11-01,4194.35
"132",2009-12-01,4194.4
"133",2010-01-01,4194.44
"134",2010-02-01,4194.63
"135",2010-03-01,4195.03
"136",2010-04-01,4195.38
"137",2010-05-01,4195.39
"138",2010-06-01,4195.5
"139",2010-07-01,4195.49
"140",2010-08-01,4194.86
"141",2010-09-01,4194.19
"142",2010-10-01,4193.81
"143",2010-11-01,4193.68
"144",2010-12-01,4193.8
"145",2011-01-01,4194.52
"146",2011-02-01,4195.08
"147",2011-03-01,4195.23
"148",2011-04-01,4195.91
"149",2011-05-01,4196.81
"150",2011-06-01,4197.84
"151",2011-07-01,4198.46
"152",2011-08-01,4198.2
"153",2011-09-01,4197.78
"154",2011-10-01,4197.43
"155",2011-11-01,4197.82
"156",2011-12-01,4198.09
"157",2012-01-01,4197.84
"158",2012-02-01,4198.28
"159",2012-03-01,4198.54
"160",2012-04-01,4198.79
"161",2012-05-01,4198.65
"162",2012-06-01,4198.3
"163",2012-07-01,4197.69
"164",2012-08-01,4197.12
"165",2012-09-01,4196.61
"166",2012-10-01,4196.26
"167",2012-11-01,4196.12
"168",2012-12-01,4196.18
"169",2013-01-01,4196.39
"170",2013-02-01,4196.48
"171",2013-03-01,4196.62
"172",2013-04-01,4196.89
"173",2013-05-01,4196.97
"174",2013-06-01,4196.48
"175",2013-07-01,4195.82
"176",2013-08-01,4195.23
"177",2013-09-01,4194.71
"178",2013-10-01,4194.39
"179",2013-11-01,4194.29
"180",2013-12-01,4194.24
"181",2014-01-01,4194.39
"182",2014-02-01,4194.56
"183",2014-03-01,4194.87
"184",2014-04-01,4195.13
"185",2014-05-01,4195.07
"186",2014-06-01,4194.99
"187",2014-07-01,4194.5
"188",2014-08-01,4193.99
"189",2014-09-01,4193.67
"190",2014-10-01,4193.48
"191",2014-11-01,4193.2
"192",2014-12-01,4193.31
"193",2015-01-01,4193.52
"194",2015-02-01,4193.89
"195",2015-03-01,4193.98
"196",2015-04-01,4194.12
"197",2015-05-01,4193.98
"198",2015-06-01,4194.32
"199",2015-07-01,4194.06
"200",2015-08-01,4193.39
"201",2015-09-01,4192.95
"202",2015-10-01,4192.62
"203",2015-11-01,4192.53
"204",2015-12-01,4192.37
"205",2016-01-01,4192.63
"206",2016-02-01,4193.36
"207",2016-03-01,4193.47
"208",2016-04-01,4193.91
"209",2016-05-01,4194.08
"210",2016-06-01,4194.24
"211",2016-07-01,4193.86
"212",2016-08-01,4193.26
"213",2016-09-01,4192.59
"214",2016-10-01,4192.42
"215",2016-11-01,4192.4
"216",2016-12-01,4192.4
"217",2017-01-01,4192.2
"218",2017-02-01,4192.4
"219",2017-03-01,4193.5
"220",2017-04-01,4194.6
"221",2017-05-01,4195.3
"222",2017-06-01,4195.4
"223",2017-07-01,4195
"224",2017-08-01,4194.3
"225",2017-09-01,4193.7
"226",2017-10-01,4193.6
"227",2017-11-01,4193.5
"228",2017-12-01,4193.7
"229",2018-01-01,4193.9
"230",2018-02-01,4194.2
"231",2018-03-01,4194.3
"232",2018-04-01,4194.7
"233",2018-05-01,4194.8
"234",2018-06-01,4194.7
"235",2018-07-01,4193.9
"236",2018-08-01,4193.3
"237",2018-09-01,4192.7
"238",2018-10-01,4192.1
"239",2018-11-01,4192
"240",2018-12-01,4192.1
"241",2019-01-01,4192.4
"242",2019-02-01,4192.7
"243",2019-03-01,4193.3
"244",2019-04-01,4193.8
"245",2019-05-01,4194.5
"246",2019-06-01,4194.8
"247",2019-07-01,4194.7
"248",2019-08-01,4194
"249",2019-09-01,4193.5
"250",2019-10-01,4193.3
"251",2019-11-01,4193.2
"252",2019-12-01,4193.4
"253",2020-01-01,4193.8
"254",2020-02-01,4194.2
"255",2020-03-01,4194.7
"256",2020-04-01,4194.8
"257",2020-05-01,4194.7
"258",2020-06-01,4194.3
"259",2020-07-01,4194.1
"260",2020-08-01,4193.5
"261",2020-09-01,4192.9
"262",2020-10-01,4192.5
"263",2020-11-01,4192.2
"264",2020-12-01,4192.2
"265",2021-01-01,4192.3
"266",2021-02-01,4192.4
"267",2021-03-01,4192.8
"268",2021-04-01,4192.8
"269",2021-05-01,4192.8
"270",2021-06-01,4192.3
"271",2021-07-01,4191.8
"272",2021-08-01,4191.2
"273",2021-09-01,4190.8
"274",2021-10-01,4190.4
"275",2021-11-01,4190.5
"276",2021-12-01,4190.6
"277",2022-01-01,4190.8
"278",2022-02-01,4190.9
"279",2022-03-01,4191
"280",2022-04-01,4191.1
"281",2022-05-01,4191.1
"282",2022-06-01,4190.8
"283",2022-07-01,4190.3
"284",2022-08-01,4189.6
"285",2022-09-01,4189.3
"286",2022-10-01,4189
"287",2022-11-01,4188.6
"288",2022-12-01,4189
"289",2023-01-01,4189.3
"290",2023-02-01,4190
"291",2023-03-01,4190.3
"292",2023-04-01,4191.3
"293",2023-05-01,4192.6
"294",2023-06-01,4193.8
"295",2023-07-01,4193.8
"296",2023-08-01,4193.2
"297",2023-09-01,4192.2
"298",2023-10-01,4192
"299",2023-11-01,4192.1
"300",2023-12-01,4192.3
