Date,Discharge
5/1/1986,0
5/2/1986,0
5/3/1986,0
5/4/1986,0
5/5/1986,0
5/6/1986,0
5/7/1986,0
5/8/1986,0
5/9/1986,0
5/10/1986,0
5/11/1986,0
5/12/1986,0
5/13/1986,0
5/14/1986,0
5/15/1986,0
5/16/1986,0
5/17/1986,0
5/18/1986,0
5/19/1986,0
5/20/1986,0
5/21/1986,0
5/22/1986,0
5/23/1986,0
5/24/1986,0
5/25/1986,0
5/26/1986,0
5/27/1986,0
5/28/1986,0
5/29/1986,0
5/30/1986,0
5/31/1986,0
6/1/1986,2.2
6/2/1986,2.2
6/3/1986,2.2
6/4/1986,2.2
6/5/1986,2.2
6/6/1986,2.2
6/7/1986,2.2
6/8/1986,2.2
6/9/1986,2.4
6/10/1986,2.7
6/11/1986,2.9
6/12/1986,3.1
6/13/1986,3.4
6/14/1986,3.6
6/15/1986,3.9
6/16/1986,3.9
6/17/1986,3.9
6/18/1986,3.9
6/19/1986,3.9
6/20/1986,3.9
6/21/1986,3.9
6/22/1986,3.9
6/23/1986,3.8
6/24/1986,3.8
6/25/1986,3.7
6/26/1986,3.7
6/27/1986,3.6
6/28/1986,3.6
6/29/1986,3.5
6/30/1986,3.5
7/1/1986,3.9
7/2/1986,3.8
7/3/1986,3.7
7/4/1986,3.7
7/5/1986,3.6
7/6/1986,3.5
7/7/1986,3.5
7/8/1986,3.3
7/9/1986,3.1
7/10/1986,3
7/11/1986,2.8
7/12/1986,2.6
7/13/1986,2.5
7/14/1986,2.3
7/15/1986,2.1
7/16/1986,2
7/17/1986,1.9
7/18/1986,1.7
7/19/1986,1.6
7/20/1986,1.5
7/21/1986,1.3
7/22/1986,1.2
7/23/1986,1.2
7/24/1986,1.1
7/25/1986,1.2
7/26/1986,1
7/27/1986,1
7/28/1986,1
7/29/1986,0.9
7/30/1986,0.9
7/31/1986,0.8
8/1/1986,0.8
8/2/1986,0.8
8/3/1986,0.8
8/4/1986,1.6
8/5/1986,2.3
8/6/1986,3.1
8/7/1986,3.8
8/8/1986,4.6
8/9/1986,5.3
8/10/1986,6.1
8/11/1986,6.1
8/12/1986,6.1
8/13/1986,6.1
8/14/1986,6.1
8/15/1986,6.1
8/16/1986,6.1
8/17/1986,6.1
8/18/1986,5.9
8/19/1986,5.7
8/20/1986,5.5
8/21/1986,5.3
8/22/1986,5.1
8/23/1986,4.9
8/24/1986,4.8
8/25/1986,4.3
8/26/1986,3.8
8/27/1986,3.4
8/28/1986,2.9
8/29/1986,2.5
8/30/1986,2
8/31/1986,1.6
9/1/1986,1.6
9/2/1986,1.6
9/3/1986,1.5
9/4/1986,1.5
9/5/1986,1.5
9/6/1986,1.5
9/7/1986,1.5
9/8/1986,1.5
9/9/1986,1.5
9/10/1986,1.5
9/11/1986,1.5
9/12/1986,1.5
9/13/1986,1.5
9/14/1986,1.5
9/15/1986,1.6
9/16/1986,1.6
9/17/1986,1.7
9/18/1986,1.8
9/19/1986,1.9
9/20/1986,2
9/21/1986,2.1
9/22/1986,2.1
9/23/1986,2.2
9/24/1986,2.3
9/25/1986,2.4
9/26/1986,2.4
9/27/1986,2.5
9/28/1986,2.6
9/29/1986,2.7
9/30/1986,2.7
5/1/1987,24
5/2/1987,24
5/3/1987,24
5/4/1987,23
5/5/1987,23
5/6/1987,23
5/7/1987,23
5/8/1987,22
5/9/1987,22
5/10/1987,22
5/11/1987,22
5/12/1987,21
5/13/1987,21
5/14/1987,21
5/15/1987,20
5/16/1987,20
5/17/1987,20
5/18/1987,19
5/19/1987,19
5/20/1987,19
5/21/1987,18
5/22/1987,18
5/23/1987,18
5/24/1987,17
5/25/1987,17
5/26/1987,17
5/27/1987,16
5/28/1987,16
5/29/1987,16
5/30/1987,15
5/31/1987,15
6/1/1987,15
6/2/1987,15
6/3/1987,15
6/4/1987,14
6/5/1987,14
6/6/1987,13
6/7/1987,13
6/8/1987,12
6/9/1987,12
6/10/1987,12
6/11/1987,11
6/12/1987,11
6/13/1987,10
6/14/1987,10
6/15/1987,10
6/16/1987,10
6/17/1987,10
6/18/1987,10
6/19/1987,10
6/20/1987,10
6/21/1987,9
6/22/1987,9
6/23/1987,9
6/24/1987,9
6/25/1987,9
6/26/1987,9
6/27/1987,9
6/28/1987,9
6/29/1987,9
6/30/1987,9
7/1/1987,9
7/2/1987,9
7/3/1987,9
7/4/1987,9
7/5/1987,9
7/6/1987,9
7/7/1987,9
7/8/1987,9
7/9/1987,9
7/10/1987,9
7/11/1987,9
7/12/1987,9
7/13/1987,9
7/14/1987,9
7/15/1987,9
7/16/1987,9
7/17/1987,9
7/18/1987,9
7/19/1987,9
7/20/1987,9
7/21/1987,9
7/22/1987,9
7/23/1987,9
7/24/1987,9
7/25/1987,9
7/26/1987,9
7/27/1987,9
7/28/1987,9
7/29/1987,9
7/30/1987,9
7/31/1987,9
8/1/1987,9
8/2/1987,9
8/3/1987,9
8/4/1987,9
8/5/1987,9
8/6/1987,9
8/7/1987,9
8/8/1987,9
8/9/1987,9
8/10/1987,9
8/11/1987,9
8/12/1987,9
8/13/1987,9
8/14/1987,9
8/15/1987,9
8/16/1987,9
8/17/1987,9
8/18/1987,9
8/19/1987,9
8/20/1987,9
8/21/1987,9
8/22/1987,9
8/23/1987,9
8/24/1987,9
8/25/1987,9
8/26/1987,9
8/27/1987,10
8/28/1987,10
8/29/1987,10
8/30/1987,10
8/31/1987,10
9/1/1987,10
9/2/1987,10
9/3/1987,9
9/4/1987,9
9/5/1987,9
9/6/1987,9
9/7/1987,9
9/8/1987,9
9/9/1987,9
9/10/1987,9
9/11/1987,9
9/12/1987,9
9/13/1987,8
9/14/1987,8
9/15/1987,8
9/16/1987,8
9/17/1987,8
9/18/1987,8
9/19/1987,8
9/20/1987,8
9/21/1987,8
9/22/1987,8
9/23/1987,8
9/24/1987,8
9/25/1987,8
9/26/1987,8
9/27/1987,8
9/28/1987,8
9/29/1987,8
9/30/1987,8
5/1/1988,35
5/2/1988,34.5
5/3/1988,34.1
5/4/1988,33.6
5/5/1988,33.2
5/6/1988,32.7
5/7/1988,32.3
5/8/1988,31.8
5/9/1988,31.3
5/10/1988,30.9
5/11/1988,30.4
5/12/1988,30.5
5/13/1988,30.6
5/14/1988,30.7
5/15/1988,30.8
5/16/1988,30.8
5/17/1988,30.9
5/18/1988,31
5/19/1988,29.7
5/20/1988,28.4
5/21/1988,27.1
5/22/1988,25.9
5/23/1988,24.6
5/24/1988,23.3
5/25/1988,22
5/26/1988,21.2
5/27/1988,20.3
5/28/1988,19.5
5/29/1988,18.7
5/30/1988,17.8
5/31/1988,17
6/1/1988,17
6/2/1988,16.4
6/3/1988,15.9
6/4/1988,15.3
6/5/1988,14.8
6/6/1988,14.2
6/7/1988,13.6
6/8/1988,13.1
6/9/1988,12.5
6/10/1988,12
6/11/1988,11.4
6/12/1988,10.8
6/13/1988,10.1
6/14/1988,9.5
6/15/1988,10
6/16/1988,9.7
6/17/1988,9.4
6/18/1988,9.1
6/19/1988,8.9
6/20/1988,8.6
6/21/1988,8.3
6/22/1988,8
6/23/1988,7.8
6/24/1988,7.7
6/25/1988,7.5
6/26/1988,7.3
6/27/1988,7.1
6/28/1988,7
6/29/1988,6.8
6/30/1988,6.8
7/1/1988,6.8
7/2/1988,6.7
7/3/1988,6.7
7/4/1988,6.6
7/5/1988,6.6
7/6/1988,6.5
7/7/1988,6.4
7/8/1988,6.4
7/9/1988,6.3
7/10/1988,6.3
7/11/1988,6.3
7/12/1988,6.2
7/13/1988,6.2
7/14/1988,6.2
7/15/1988,6.2
7/16/1988,6.2
7/17/1988,6.2
7/18/1988,6.2
7/19/1988,6.2
7/20/1988,6.2
7/21/1988,6.2
7/22/1988,6.2
7/23/1988,6.2
7/24/1988,29
7/25/1988,14
7/26/1988,14
7/27/1988,4.4
7/28/1988,4.4
7/29/1988,4.4
7/30/1988,4.4
7/31/1988,4.4
8/1/1988,4.4
8/2/1988,4.4
8/3/1988,4.4
8/4/1988,4.4
8/5/1988,4.4
8/6/1988,4.4
8/7/1988,4.4
8/8/1988,4.4
8/9/1988,4.4
8/10/1988,4.4
8/11/1988,4.4
8/12/1988,4.4
8/13/1988,4.4
8/14/1988,4.4
8/15/1988,4.3
8/16/1988,4.3
8/17/1988,4.2
8/18/1988,4.1
8/19/1988,4.1
8/20/1988,4
8/21/1988,3.9
8/22/1988,3.9
8/23/1988,3.8
8/24/1988,3.8
8/25/1988,3.8
8/26/1988,3.8
8/27/1988,3.8
8/28/1988,3.8
8/29/1988,3.8
8/30/1988,3.8
8/31/1988,3.8
9/1/1988,3.8
9/2/1988,3.8
9/3/1988,3.8
9/4/1988,3.8
9/5/1988,3.8
9/6/1988,3.8
9/7/1988,3.8
9/8/1988,3.8
9/9/1988,3.8
9/10/1988,3.8
9/11/1988,3.8
9/12/1988,3.8
9/13/1988,3.8
9/14/1988,3.8
9/15/1988,3.8
9/16/1988,3.8
9/17/1988,3.8
9/18/1988,3.8
9/19/1988,3.7
9/20/1988,3.6
9/21/1988,3.6
9/22/1988,3.5
9/23/1988,3.4
9/24/1988,3.3
9/25/1988,3.3
9/26/1988,3.2
9/27/1988,3.2
9/28/1988,3.1
9/29/1988,3.1
9/30/1988,3
5/1/1989,86.3
5/2/1989,86.3
5/3/1989,86.3
5/4/1989,86.3
5/5/1989,86.3
5/6/1989,86.3
5/7/1989,86.3
5/8/1989,82.8
5/9/1989,79.3
5/10/1989,75.8
5/11/1989,72.3
5/12/1989,68.8
5/13/1989,65.40001
5/14/1989,61.9
5/15/1989,58.4
5/16/1989,54.9
5/17/1989,51.4
5/18/1989,47.9
5/19/1989,44.5
5/20/1989,41
5/21/1989,37.5
5/22/1989,34
5/23/1989,34
5/24/1989,34
5/25/1989,34
5/26/1989,34
5/27/1989,34
5/28/1989,33.5
5/29/1989,33
5/30/1989,32.5
5/31/1989,32
6/1/1989,32
6/2/1989,30.3
6/3/1989,28.6
6/4/1989,27
6/5/1989,25.3
6/6/1989,23.6
6/7/1989,21.9
6/8/1989,21.9
6/9/1989,21.9
6/10/1989,21.9
6/11/1989,21.9
6/12/1989,21.7
6/13/1989,21.4
6/14/1989,21.2
6/15/1989,20.9
6/16/1989,20.7
6/17/1989,20.4
6/18/1989,20.2
6/19/1989,19.9
6/20/1989,19.7
6/21/1989,19.4
6/22/1989,19.1
6/23/1989,18.9
6/24/1989,18.6
6/25/1989,18.3
6/26/1989,18.2
6/27/1989,18.1
6/28/1989,18.1
6/29/1989,18
6/30/1989,17.9
7/1/1989,17.9
7/2/1989,17.8
7/3/1989,17.8
7/4/1989,17.7
7/5/1989,17.6
7/6/1989,17.6
7/7/1989,17.5
7/8/1989,17.4
7/9/1989,17.4
7/10/1989,17.1
7/11/1989,16.9
7/12/1989,16.6
7/13/1989,16.4
7/14/1989,16.2
7/15/1989,15.9
7/16/1989,15.7
7/17/1989,15.4
7/18/1989,15.2
7/19/1989,14.4
7/20/1989,13.6
7/21/1989,12.8
7/22/1989,12
7/23/1989,11.2
7/24/1989,10.9
7/25/1989,10.6
7/26/1989,10.4
7/27/1989,10.1
7/28/1989,9.8
7/29/1989,9.5
7/30/1989,9.3
7/31/1989,9
8/1/1989,9
8/2/1989,9
8/3/1989,9
8/4/1989,9
8/5/1989,9
8/6/1989,9
8/7/1989,9
8/8/1989,8.9
8/9/1989,8.9
8/10/1989,8.9
8/11/1989,8.9
8/12/1989,8.9
8/13/1989,8.9
8/14/1989,8.9
8/15/1989,8.9
8/16/1989,8.8
8/17/1989,8.8
8/18/1989,8.8
8/19/1989,8.8
8/20/1989,8.7
8/21/1989,8.7
8/22/1989,8.7
8/23/1989,8.6
8/24/1989,8.6
8/25/1989,8.5
8/26/1989,8.5
8/27/1989,8.5
8/28/1989,8.4
8/29/1989,8.4
8/30/1989,8.3
8/31/1989,8.3
9/1/1989,8.3
9/2/1989,8.2
9/3/1989,8.2
9/4/1989,8.1
9/5/1989,8
9/6/1989,8
9/7/1989,7.9
9/8/1989,7.9
9/9/1989,7.8
9/10/1989,7.8
9/11/1989,7.8
9/12/1989,7.7
9/13/1989,7.7
9/14/1989,7.7
9/15/1989,7.6
9/16/1989,7.6
9/17/1989,7.5
9/18/1989,7.5
9/19/1989,7.5
9/20/1989,7.4
9/21/1989,7.4
9/22/1989,7.3
9/23/1989,7.3
9/24/1989,7.3
9/25/1989,7.3
9/26/1989,7.3
9/27/1989,7.3
9/28/1989,7.3
9/29/1989,7.3
9/30/1989,7.3
5/1/1990,34
5/2/1990,33.1
5/3/1990,32.2
5/4/1990,31.2
5/5/1990,30.3
5/6/1990,29.1
5/7/1990,27.9
5/8/1990,26.7
5/9/1990,25.5
5/10/1990,24.3
5/11/1990,23.1
5/12/1990,21.9
5/13/1990,21.6
5/14/1990,21.3
5/15/1990,21
5/16/1990,20.7
5/17/1990,20.4
5/18/1990,20.1
5/19/1990,19.8
5/20/1990,19.3
5/21/1990,18.8
5/22/1990,18.4
5/23/1990,17.9
5/24/1990,17.4
5/25/1990,17
5/26/1990,16.5
5/27/1990,16.5
5/28/1990,16.5
5/29/1990,16.5
5/30/1990,16.5
5/31/1990,16.5
6/1/1990,16.5
6/2/1990,16.5
6/3/1990,16.5
6/4/1990,16.1
6/5/1990,15.8
6/6/1990,15.4
6/7/1990,15
6/8/1990,14.6
6/9/1990,14.3
6/10/1990,13.9
6/11/1990,13.5
6/12/1990,13.4
6/13/1990,13.3
6/14/1990,13.2
6/15/1990,13.1
6/16/1990,13
6/17/1990,12.5
6/18/1990,12
6/19/1990,11.5
6/20/1990,11
6/21/1990,10.5
6/22/1990,10
6/23/1990,9.5
6/24/1990,9
6/25/1990,8.7
6/26/1990,8.4
6/27/1990,8.1
6/28/1990,7.7
6/29/1990,7.4
6/30/1990,7.1
7/1/1990,7.1
7/2/1990,7.1
7/3/1990,7.1
7/4/1990,7.1
7/5/1990,7
7/6/1990,7
7/7/1990,7
7/8/1990,7
7/9/1990,7
7/10/1990,6.9
7/11/1990,6.9
7/12/1990,6.8
7/13/1990,6.8
7/14/1990,6.7
7/15/1990,6.7
7/16/1990,6.6
7/17/1990,6.6
7/18/1990,6.6
7/19/1990,6.6
7/20/1990,6.6
7/21/1990,6.6
7/22/1990,6.5
7/23/1990,6.5
7/24/1990,6.4
7/25/1990,6.3
7/26/1990,6.3
7/27/1990,6.2
7/28/1990,6.1
7/29/1990,6.1
7/30/1990,6
7/31/1990,6
8/1/1990,6
8/2/1990,6
8/3/1990,6
8/4/1990,6
8/5/1990,6
8/6/1990,6
8/7/1990,6
8/8/1990,6
8/9/1990,6
8/10/1990,5.9
8/11/1990,5.9
8/12/1990,5.9
8/13/1990,5.9
8/14/1990,5.9
8/15/1990,5.9
8/16/1990,5.9
8/17/1990,5.9
8/18/1990,6
8/19/1990,6
8/20/1990,6
8/21/1990,6
8/22/1990,6
8/23/1990,6
8/24/1990,6
8/25/1990,6
8/26/1990,6
8/27/1990,5.9
8/28/1990,5.9
8/29/1990,5.9
8/30/1990,5.9
8/31/1990,5.8
9/1/1990,5.8
9/2/1990,5.8
9/3/1990,5.8
9/4/1990,5.8
9/5/1990,5.8
9/6/1990,5.8
9/7/1990,5.7
9/8/1990,5.7
9/9/1990,5.7
9/10/1990,5.7
9/11/1990,5.6
9/12/1990,5.6
9/13/1990,5.6
9/14/1990,5.5
9/15/1990,5.5
9/16/1990,5.5
9/17/1990,5.5
9/18/1990,5.6
9/19/1990,5.7
9/20/1990,5.8
9/21/1990,5.9
9/22/1990,6
9/23/1990,6
9/24/1990,6
9/25/1990,5.9
9/26/1990,5.9
9/27/1990,5.9
9/28/1990,5.9
9/29/1990,5.8
9/30/1990,5.8
5/1/1991,30
5/2/1991,30
5/3/1991,30
5/4/1991,30
5/5/1991,35.5
5/6/1991,41.1
5/7/1991,46.6
5/8/1991,52.2
5/9/1991,57.7
5/10/1991,63.3
5/11/1991,68.8
5/12/1991,74.40001
5/13/1991,79.90001
5/14/1991,85.5
5/15/1991,91
5/16/1991,92.90001
5/17/1991,94.90001
5/18/1991,96.8
5/19/1991,95.60001
5/20/1991,94.3
5/21/1991,93
5/22/1991,91.8
5/23/1991,90.5
5/24/1991,89.3
5/25/1991,88
5/26/1991,87.60001
5/27/1991,87.2
5/28/1991,86.90001
5/29/1991,86.5
5/30/1991,86.10001
5/31/1991,85.7
6/1/1991,85.7
6/2/1991,84.8
6/3/1991,84
6/4/1991,83.10001
6/5/1991,82.3
6/6/1991,81.40001
6/7/1991,80.60001
6/8/1991,79.7
6/9/1991,78.90001
6/10/1991,78
6/11/1991,72
6/12/1991,66
6/13/1991,60
6/14/1991,54
6/15/1991,48
6/16/1991,46.1
6/17/1991,44.3
6/18/1991,42.4
6/19/1991,40.6
6/20/1991,38.7
6/21/1991,36.9
6/22/1991,35
6/23/1991,33.1
6/24/1991,31.3
6/25/1991,29.4
6/26/1991,27.6
6/27/1991,25.7
6/28/1991,23.9
6/29/1991,22
6/30/1991,22
7/1/1991,20
7/2/1991,18.6
7/3/1991,17.2
7/4/1991,15.8
7/5/1991,14.4
7/6/1991,13
7/7/1991,12.9
7/8/1991,12.8
7/9/1991,12.7
7/10/1991,12.6
7/11/1991,12.5
7/12/1991,12.4
7/13/1991,12.3
7/14/1991,12.2
7/15/1991,12.5
7/16/1991,12
7/17/1991,11.5
7/18/1991,11
7/19/1991,10.5
7/20/1991,10
7/21/1991,9.5
7/22/1991,9
7/23/1991,9
7/24/1991,9
7/25/1991,9
7/26/1991,9
7/27/1991,9
7/28/1991,9
7/29/1991,9
7/30/1991,9
7/31/1991,9
8/1/1991,8.9
8/2/1991,8.8
8/3/1991,8.7
8/4/1991,8.6
8/5/1991,8.5
8/6/1991,8.4
8/7/1991,8.2
8/8/1991,8.1
8/9/1991,8
8/10/1991,7.9
8/11/1991,7.7
8/12/1991,7.6
8/13/1991,7.5
8/14/1991,7.4
8/15/1991,7.2
8/16/1991,7.1
8/17/1991,7
8/18/1991,7
8/19/1991,7
8/20/1991,7
8/21/1991,7
8/22/1991,7
8/23/1991,7
8/24/1991,7
8/25/1991,7
8/26/1991,7
8/27/1991,7
8/28/1991,7
8/29/1991,7
8/30/1991,7
8/31/1991,7
9/1/1991,7
9/2/1991,7
9/3/1991,7
9/4/1991,7
9/5/1991,7
9/6/1991,7
9/7/1991,7
9/8/1991,7
9/9/1991,7
9/10/1991,6.9
9/11/1991,6.9
9/12/1991,6.9
9/13/1991,6.9
9/14/1991,6.8
9/15/1991,6.8
9/16/1991,6.8
9/17/1991,6.7
9/18/1991,6.7
9/19/1991,6.7
9/20/1991,6.7
9/21/1991,6.7
9/22/1991,6.7
9/23/1991,6.7
9/24/1991,6.7
9/25/1991,6.7
9/26/1991,6.7
9/27/1991,6.7
9/28/1991,6.7
9/29/1991,6.7
9/30/1991,6.7
5/1/1992,20
5/2/1992,20
5/3/1992,20
5/4/1992,20
5/5/1992,19.71
5/6/1992,19.43
5/7/1992,19.14
5/8/1992,18.86
5/9/1992,18.57
5/10/1992,18.29
5/11/1992,18
5/12/1992,17
5/13/1992,16
5/14/1992,15
5/15/1992,14
5/16/1992,12
5/17/1992,11
5/18/1992,10
5/19/1992,10.1
5/20/1992,10.2
5/21/1992,10.3
5/22/1992,10.4
5/23/1992,10.48
5/24/1992,10.21
5/25/1992,9.94
5/26/1992,9.67
5/27/1992,9.41
5/28/1992,9.14
5/29/1992,8.87
5/30/1992,8.6
5/31/1992,8.6
6/1/1992,8.4
6/2/1992,8.3
6/3/1992,8.3
6/4/1992,8.2
6/5/1992,8.2
6/6/1992,8.1
6/7/1992,8.1
6/8/1992,8
6/9/1992,8
6/10/1992,8
6/11/1992,8
6/12/1992,8
6/13/1992,8
6/14/1992,8
6/15/1992,8
6/16/1992,8
6/17/1992,8
6/18/1992,7.8
6/19/1992,7.6
6/20/1992,7.4
6/21/1992,7.3
6/22/1992,7.2
6/23/1992,7
6/24/1992,6.5
6/25/1992,6
6/26/1992,5.5
6/27/1992,5.28
6/28/1992,5.28
6/29/1992,5.28
6/30/1992,5.28
7/1/1992,5.28
7/2/1992,5.28
7/3/1992,5.28
7/4/1992,5.28
7/5/1992,5.28
7/6/1992,5.28
7/7/1992,5.25
7/8/1992,5.2
7/9/1992,5.15
7/10/1992,5.12
7/11/1992,5.1
7/12/1992,5.05
7/13/1992,5
7/14/1992,5
7/15/1992,5
7/16/1992,5
7/17/1992,5
7/18/1992,5
7/19/1992,5
7/20/1992,5
7/21/1992,5
7/22/1992,5
7/23/1992,5
7/24/1992,5
7/25/1992,5
7/26/1992,4.8
7/27/1992,4.6
7/28/1992,4.4
7/29/1992,4.2
7/30/1992,4
7/31/1992,4
8/1/1992,3.8
8/2/1992,3.7
8/3/1992,3.5
8/4/1992,3.5
8/5/1992,3.5
8/6/1992,3.5
8/7/1992,3.5
8/8/1992,3.5
8/9/1992,3.67
8/10/1992,3.84
8/11/1992,4.01
8/12/1992,4.18
8/13/1992,4.35
8/14/1992,4.52
8/15/1992,4.69
8/16/1992,4.86
8/17/1992,5
8/18/1992,5.06
8/19/1992,5.12
8/20/1992,5.18
8/21/1992,5.24
8/22/1992,5.3
8/23/1992,5.36
8/24/1992,5.42
8/25/1992,5.5
8/26/1992,5.45
8/27/1992,5.4
8/28/1992,4.35
8/29/1992,5.3
8/30/1992,5.25
8/31/1992,5.2
9/1/1992,5.15
9/2/1992,5.1
9/3/1992,5.05
9/4/1992,5
9/5/1992,4.95
9/6/1992,4.9
9/7/1992,4.85
9/8/1992,4.8
9/9/1992,4.8
9/10/1992,4.79
9/11/1992,4.79
9/12/1992,4.78
9/13/1992,4.78
9/14/1992,4.77
9/15/1992,4.77
9/16/1992,4.76
9/17/1992,4.76
9/18/1992,4.75
9/19/1992,4.75
9/20/1992,4.74
9/21/1992,4.74
9/22/1992,4.73
9/23/1992,4.73
9/24/1992,4.72
9/25/1992,4.72
9/26/1992,4.71
9/27/1992,4.71
9/28/1992,4.7
9/29/1992,4.7
9/30/1992,4.69
5/1/1993,245
5/2/1993,251.10001
5/3/1993,257.29999
5/4/1993,263.40002
5/5/1993,269.60004
5/6/1993,275.70001
5/7/1993,281.90002
5/8/1993,288
5/9/1993,294.10004
5/10/1993,300.29999
5/11/1993,306.40002
5/12/1993,312.60004
5/13/1993,318.70001
5/14/1993,324.90002
5/15/1993,331
5/16/1993,317.40002
5/17/1993,303.90002
5/18/1993,290.29999
5/19/1993,276.79999
5/20/1993,263.20001
5/21/1993,249.70001
5/22/1993,236.10001
5/23/1993,222.60001
5/24/1993,209
5/25/1993,202.30002
5/26/1993,195.60001
5/27/1993,188.89999
5/28/1993,182.10001
5/29/1993,175.39999
5/30/1993,168.70001
5/31/1993,162
6/1/1993,162
6/2/1993,155.39999
6/3/1993,148.70001
6/4/1993,142.10001
6/5/1993,135.5
6/6/1993,128.89999
6/7/1993,122.2
6/8/1993,115.60001
6/9/1993,109
6/10/1993,102.3
6/11/1993,95.7
6/12/1993,89.10001
6/13/1993,82.5
6/14/1993,75.8
6/15/1993,69.2
6/16/1993,62.6
6/17/1993,55.9
6/18/1993,49.3
6/19/1993,42.7
6/20/1993,36.1
6/21/1993,29.4
6/22/1993,22.8
6/23/1993,23.2
6/24/1993,23.5
6/25/1993,23.9
6/26/1993,24.2
6/27/1993,24.6
6/28/1993,30.4
6/29/1993,30.8
6/30/1993,31.4
7/1/1993,34
7/2/1993,32.8
7/3/1993,31.5
7/4/1993,30.3
7/5/1993,29
7/6/1993,27.8
7/7/1993,26.5
7/8/1993,25.3
7/9/1993,24
7/10/1993,22.8
7/11/1993,22.5
7/12/1993,22.3
7/13/1993,22
7/14/1993,21.8
7/15/1993,21.5
7/16/1993,21.3
7/17/1993,21
7/18/1993,20.9
7/19/1993,20.9
7/20/1993,20.8
7/21/1993,20.7
7/22/1993,20.6
7/23/1993,20.6
7/24/1993,20.5
7/25/1993,20.5
7/26/1993,20.5
7/27/1993,20.5
7/28/1993,20.5
7/29/1993,20.5
7/30/1993,20.5
7/31/1993,20.5
8/1/1993,20.5
8/2/1993,20.1
8/3/1993,19.7
8/4/1993,19.3
8/5/1993,19
8/6/1993,18.6
8/7/1993,18.2
8/8/1993,17.8
8/9/1993,17.4
8/10/1993,17
8/11/1993,16.6
8/12/1993,16.2
8/13/1993,15.9
8/14/1993,15.5
8/15/1993,15.1
8/16/1993,14.7
8/17/1993,14.3
8/18/1993,13.9
8/19/1993,13.5
8/20/1993,13.2
8/21/1993,12.8
8/22/1993,12.4
8/23/1993,12
8/24/1993,11.8
8/25/1993,11.6
8/26/1993,11.5
8/27/1993,11.3
8/28/1993,11.1
8/29/1993,10.9
8/30/1993,10.8
8/31/1993,10.6
9/1/1993,10.6
9/2/1993,10.5
9/3/1993,10.4
9/4/1993,10.4
9/5/1993,10.3
9/6/1993,10.2
9/7/1993,10.1
9/8/1993,10
9/9/1993,10
9/10/1993,9.9
9/11/1993,9.8
9/12/1993,9.7
9/13/1993,9.6
9/14/1993,9.6
9/15/1993,9.5
9/16/1993,9.4
9/17/1993,9.3
9/18/1993,9.2
9/19/1993,9.2
9/20/1993,9.1
9/21/1993,9
9/22/1993,8.9
9/23/1993,8.8
9/24/1993,8.8
9/25/1993,8.7
9/26/1993,8.6
9/27/1993,8.5
9/28/1993,8.4
9/29/1993,8.4
9/30/1993,8.3
5/1/1994,103
5/2/1994,102
5/3/1994,100
5/4/1994,99
5/5/1994,98
5/6/1994,96
5/7/1994,95
5/8/1994,90
5/9/1994,85
5/10/1994,80
5/11/1994,75
5/12/1994,70
5/13/1994,65
5/14/1994,61
5/15/1994,57
5/16/1994,53
5/17/1994,49
5/18/1994,44
5/19/1994,40
5/20/1994,36
5/21/1994,32
5/22/1994,31
5/23/1994,30
5/24/1994,30
5/25/1994,29
5/26/1994,28
5/27/1994,27
5/28/1994,27
5/29/1994,24
5/30/1994,23
5/31/1994,22
6/1/1994,21
6/2/1994,21
6/3/1994,21
6/4/1994,21
6/5/1994,21
6/6/1994,20
6/7/1994,20
6/8/1994,20
6/9/1994,19
6/10/1994,19
6/11/1994,18
6/12/1994,18
6/13/1994,17
6/14/1994,17
6/15/1994,17
6/16/1994,16
6/17/1994,16
6/18/1994,15
6/19/1994,15
6/20/1994,15
6/21/1994,14
6/22/1994,14
6/23/1994,14
6/24/1994,14
6/25/1994,14
6/26/1994,13
6/27/1994,13
6/28/1994,13
6/29/1994,12
6/30/1994,12
7/1/1994,11
7/2/1994,11
7/3/1994,10
7/4/1994,10
7/5/1994,10
7/6/1994,10
7/7/1994,10
7/8/1994,9
7/9/1994,9
7/10/1994,9
7/11/1994,9
7/12/1994,9
7/13/1994,9
7/14/1994,9
7/15/1994,9
7/16/1994,9
7/17/1994,8
7/18/1994,8
7/19/1994,8
7/20/1994,8
7/21/1994,8
7/22/1994,7
7/23/1994,7
7/24/1994,7
7/25/1994,7
7/26/1994,7
7/27/1994,7
7/28/1994,7
7/29/1994,7
7/30/1994,7
7/31/1994,7
8/1/1994,7
8/2/1994,7
8/3/1994,7
8/4/1994,7
8/5/1994,7
8/6/1994,7
8/7/1994,7
8/8/1994,7
8/9/1994,7
8/10/1994,7
8/11/1994,7
8/12/1994,7
8/13/1994,7
8/14/1994,7
8/15/1994,7
8/16/1994,6
8/17/1994,6
8/18/1994,6
8/19/1994,6
8/20/1994,6
8/21/1994,6
8/22/1994,6
8/23/1994,6
8/24/1994,6
8/25/1994,6
8/26/1994,6
8/27/1994,6
8/28/1994,6
8/29/1994,6
8/30/1994,6
8/31/1994,6
9/1/1994,6
9/2/1994,6
9/3/1994,6
9/4/1994,6
9/5/1994,6
9/6/1994,6
9/7/1994,6
9/8/1994,6
9/9/1994,6
9/10/1994,6
9/11/1994,6
9/12/1994,6
9/13/1994,6
9/14/1994,6
9/15/1994,6
9/16/1994,6
9/17/1994,6
9/18/1994,6
9/19/1994,6
9/20/1994,6
9/21/1994,6
9/22/1994,6
9/23/1994,6
9/24/1994,6
9/25/1994,6
9/26/1994,6
9/27/1994,6
9/28/1994,6
9/29/1994,6
9/30/1994,6
5/1/1995,213
5/2/1995,211
5/3/1995,209
5/4/1995,207
5/5/1995,205
5/6/1995,203
5/7/1995,201
5/8/1995,205.80002
5/9/1995,210.60001
5/10/1995,215.39999
5/11/1995,220.20001
5/12/1995,225
5/13/1995,222.39999
5/14/1995,219.80002
5/15/1995,217.10001
5/16/1995,214.5
5/17/1995,211.89999
5/18/1995,209.30002
5/19/1995,206.60001
5/20/1995,204
5/21/1995,199.10001
5/22/1995,194.30002
5/23/1995,189.39999
5/24/1995,184.60001
5/25/1995,179.70001
5/26/1995,174.89999
5/27/1995,170
5/28/1995,168.36002
5/29/1995,166.70001
5/30/1995,165
5/31/1995,160
6/1/1995,158
6/2/1995,12
6/3/1995,146
6/4/1995,145.10001
6/5/1995,144.30002
6/6/1995,143.39999
6/7/1995,142.60001
6/8/1995,141.70001
6/9/1995,140.89999
6/10/1995,140
6/11/1995,133.30002
6/12/1995,126.5
6/13/1995,119.8
6/14/1995,113
6/15/1995,106.3
6/16/1995,99.5
6/17/1995,92.8
6/18/1995,86
6/19/1995,80.7
6/20/1995,75.40001
6/21/1995,70.10001
6/22/1995,64.90001
6/23/1995,59.6
6/24/1995,54.3
6/25/1995,49
6/26/1995,45.6
6/27/1995,42.2
6/28/1995,38.8
6/29/1995,35.4
6/30/1995,32
7/1/1995,31
7/2/1995,30.3
7/3/1995,29.7
7/4/1995,29
7/5/1995,28.4
7/6/1995,27.7
7/7/1995,27.1
7/8/1995,26.4
7/9/1995,26.3
7/10/1995,26.1
7/11/1995,26
7/12/1995,25.8
7/13/1995,25.7
7/14/1995,25.5
7/15/1995,25.4
7/16/1995,25.2
7/17/1995,25
7/18/1995,24.8
7/19/1995,24.6
7/20/1995,24.4
7/21/1995,24.2
7/22/1995,24
7/23/1995,23.3
7/24/1995,22.6
7/25/1995,21.9
7/26/1995,21.3
7/27/1995,20.6
7/28/1995,19.9
7/29/1995,19.2
7/30/1995,19.1
7/31/1995,19
8/1/1995,19
8/2/1995,18.8
8/3/1995,18.6
8/4/1995,18.4
8/5/1995,18.2
8/6/1995,18
8/7/1995,17.8
8/8/1995,17.6
8/9/1995,17.4
8/10/1995,17.2
8/11/1995,17
8/12/1995,16.8
8/13/1995,16.4
8/14/1995,16
8/15/1995,15.6
8/16/1995,15.2
8/17/1995,14.8
8/18/1995,14.4
8/19/1995,14.2
8/20/1995,14.1
8/21/1995,13.9
8/22/1995,13.7
8/23/1995,13.5
8/24/1995,13.3
8/25/1995,13.2
8/26/1995,13
8/27/1995,12.8
8/28/1995,12.6
8/29/1995,12.4
8/30/1995,12.2
8/31/1995,12
9/1/1995,12
9/2/1995,11.8
9/3/1995,11.6
9/4/1995,11.3
9/5/1995,11.1
9/6/1995,10.9
9/7/1995,10.7
9/8/1995,10.4
9/9/1995,10.2
9/10/1995,10
9/11/1995,9.9
9/12/1995,9.8
9/13/1995,9.7
9/14/1995,9.6
9/15/1995,9.5
9/16/1995,9.4
9/17/1995,9.3
9/18/1995,9.2
9/19/1995,9.1
9/20/1995,9
9/21/1995,8.9
9/22/1995,8.8
9/23/1995,8.7
9/24/1995,8.6
9/25/1995,8.5
9/26/1995,8.4
9/27/1995,8.3
9/28/1995,8.2
9/29/1995,8.1
9/30/1995,8
5/1/1996,85.5
5/2/1996,80.40001
5/3/1996,75.40001
5/4/1996,70.3
5/5/1996,65.3
5/6/1996,60.2
5/7/1996,55.2
5/8/1996,52.7
5/9/1996,50.3
5/10/1996,47.9
5/11/1996,45.5
5/12/1996,43
5/13/1996,41.7
5/14/1996,40.4
5/15/1996,39.1
5/16/1996,37.8
5/17/1996,36.5
5/18/1996,35.2
5/19/1996,33.9
5/20/1996,32.6
5/21/1996,31.3
5/22/1996,30.5
5/23/1996,29.8
5/24/1996,29.1
5/25/1996,28.4
5/26/1996,27.7
5/27/1996,26.9
5/28/1996,26.8
5/29/1996,26.8
5/30/1996,26.8
5/31/1996,26.8
6/1/1996,26.8
6/2/1996,26
6/3/1996,25.3
6/4/1996,24.5
6/5/1996,23.8
6/6/1996,23.1
6/7/1996,22.3
6/8/1996,21.6
6/9/1996,20.8
6/10/1996,20.1
6/11/1996,19.7
6/12/1996,19.4
6/13/1996,19.1
6/14/1996,18.7
6/15/1996,18.4
6/16/1996,18
6/17/1996,17.7
6/18/1996,17.4
6/19/1996,17
6/20/1996,16.7
6/21/1996,16.3
6/22/1996,16.1
6/23/1996,15.9
6/24/1996,15.7
6/25/1996,15.5
6/26/1996,15.3
6/27/1996,15.1
6/28/1996,14.8
6/29/1996,14.8
6/30/1996,14.8
7/1/1996,14.8
7/2/1996,14.6
7/3/1996,14.4
7/4/1996,14.1
7/5/1996,14.1
7/6/1996,14.1
7/7/1996,14.1
7/8/1996,14.1
7/9/1996,14.1
7/10/1996,14.1
7/11/1996,14.1
7/12/1996,14.1
7/13/1996,14.1
7/14/1996,14.1
7/15/1996,14.1
7/16/1996,14.1
7/17/1996,14.1
7/18/1996,12.9
7/19/1996,11.8
7/20/1996,10.6
7/21/1996,9.4
7/22/1996,8.2
7/23/1996,7.1
7/24/1996,13.4
7/25/1996,12.2
7/26/1996,11
7/27/1996,9.8
7/28/1996,8.7
7/29/1996,0
7/30/1996,6.7
7/31/1996,13.4
8/1/1996,13.4
8/2/1996,13.4
8/3/1996,13.4
8/4/1996,13.2
8/5/1996,13.1
8/6/1996,13
8/7/1996,12.9
8/8/1996,12.8
8/9/1996,12.7
8/10/1996,12.6
8/11/1996,12.5
8/12/1996,12.4
8/13/1996,12.3
8/14/1996,12.2
8/15/1996,12.1
8/16/1996,12
8/17/1996,11.9
8/18/1996,11.7
8/19/1996,11.6
8/20/1996,11.5
8/21/1996,11.3
8/22/1996,11.2
8/23/1996,11
8/24/1996,10.9
8/25/1996,10.8
8/26/1996,10.4
8/27/1996,10.4
8/28/1996,10.4
8/29/1996,10.4
8/30/1996,10.4
8/31/1996,10.4
9/1/1996,10.4
9/2/1996,10.4
9/3/1996,10.4
9/4/1996,10.4
9/5/1996,10.4
9/6/1996,10.4
9/7/1996,10.4
9/8/1996,10.4
9/9/1996,10.4
9/10/1996,10.4
9/11/1996,10.4
9/12/1996,10.4
9/13/1996,10.4
9/14/1996,10.4
9/15/1996,10.4
9/16/1996,10.1
9/17/1996,9.8
9/18/1996,9.5
9/19/1996,9.2
9/20/1996,8.9
9/21/1996,8.6
9/22/1996,8.3
9/23/1996,8
9/24/1996,7.7
9/25/1996,7.4
9/26/1996,7.1
9/27/1996,6.8
9/28/1996,6.5
9/29/1996,6.2
9/30/1996,5.9
5/1/1997,114.7
5/2/1997,229.5
5/3/1997,344.20001
5/4/1997,459
5/5/1997,573.70007
5/6/1997,688.5
5/7/1997,632.40002
5/8/1997,576.40002
5/9/1997,520.30005
5/10/1997,464.20001
5/11/1997,408.20001
5/12/1997,352.10004
5/13/1997,337.70001
5/14/1997,323.29999
5/15/1997,308.90002
5/16/1997,294.5
5/17/1997,280.20001
5/18/1997,265.79999
5/19/1997,251.39999
5/20/1997,237
5/21/1997,237
5/22/1997,224.80002
5/23/1997,212.70001
5/24/1997,200.60001
5/25/1997,188.5
5/26/1997,176.39999
5/27/1997,164.20001
5/28/1997,152.10001
5/29/1997,140
5/30/1997,140
5/31/1997,129.20001
6/1/1997,114.60001
6/2/1997,104.90001
6/3/1997,95.2
6/4/1997,85.5
6/5/1997,78.2
6/6/1997,70.90001
6/7/1997,63.6
6/8/1997,56.4
6/9/1997,49.1
6/10/1997,49.1
6/11/1997,49.1
6/12/1997,49.1
6/13/1997,49.1
6/14/1997,49.1
6/15/1997,49.1
6/16/1997,49.1
6/17/1997,49.4
6/18/1997,49.1
6/19/1997,45.2
6/20/1997,41.4
6/21/1997,37.5
6/22/1997,33.6
6/23/1997,29.8
6/24/1997,29.8
6/25/1997,29.5
6/26/1997,29.2
6/27/1997,28.9
6/28/1997,28.6
6/29/1997,28.3
6/30/1997,28.3
7/1/1997,28.3
7/2/1997,28.3
7/3/1997,28.3
7/4/1997,28.3
7/5/1997,28.3
7/6/1997,28.3
7/7/1997,28.3
7/8/1997,28.3
7/9/1997,28.3
7/10/1997,28.3
7/11/1997,28.3
7/12/1997,28.3
7/13/1997,28.3
7/14/1997,28.3
7/15/1997,28.3
7/16/1997,27.5
7/17/1997,26.6
7/18/1997,25.8
7/19/1997,25
7/20/1997,24.1
7/21/1997,23.3
7/22/1997,22.5
7/23/1997,21.6
7/24/1997,20.8
7/25/1997,20.8
7/26/1997,20.4
7/27/1997,20.1
7/28/1997,19.7
7/29/1997,19.3
7/30/1997,19.3
7/31/1997,0
8/1/1997,19.3
8/2/1997,19.3
8/3/1997,19.3
8/4/1997,19.3
8/5/1997,19.3
8/6/1997,19.1
8/7/1997,18.9
8/8/1997,18.7
8/9/1997,18.5
8/10/1997,18.3
8/11/1997,18
8/12/1997,17.8
8/13/1997,17.8
8/14/1997,17.6
8/15/1997,17.5
8/16/1997,17.3
8/17/1997,17.1
8/18/1997,16.9
8/19/1997,16.7
8/20/1997,16.5
8/21/1997,16.3
8/22/1997,16.3
8/23/1997,15.6
8/24/1997,14.8
8/25/1997,14.1
8/26/1997,13.4
8/27/1997,13.4
8/28/1997,13.1
8/29/1997,12.8
8/30/1997,12.5
8/31/1997,12
9/1/1997,12
9/2/1997,11.6
9/3/1997,11.2
9/4/1997,10.8
9/5/1997,10.4
9/6/1997,10.4
9/7/1997,10.4
9/8/1997,10.4
9/9/1997,10.4
9/10/1997,10.4
9/11/1997,10.4
9/12/1997,10.4
9/13/1997,10.4
9/14/1997,10.4
9/15/1997,10.4
9/16/1997,10.4
9/17/1997,10.4
9/18/1997,10.4
9/19/1997,10.4
9/20/1997,10.4
9/21/1997,10.4
9/22/1997,10.4
9/23/1997,10.4
9/24/1997,10.4
9/25/1997,10.4
9/26/1997,11.1
9/27/1997,11.9
9/28/1997,12.6
9/29/1997,13.4
9/30/1997,14.8
5/1/1998,110.2
5/2/1998,225.80002
5/3/1998,341.5
5/4/1998,457.20001
5/5/1998,572.80005
5/6/1998,688.5
5/7/1998,632.40002
5/8/1998,576.40002
5/9/1998,520.30005
5/10/1998,464.20001
5/11/1998,408.20001
5/12/1998,352.10004
5/13/1998,339.29999
5/14/1998,326.5
5/15/1998,313.70001
5/16/1998,300.90002
5/17/1998,288.10004
5/18/1998,275.40002
5/19/1998,262.60004
5/20/1998,249.80002
5/21/1998,237
5/22/1998,226.20001
5/23/1998,215.39999
5/24/1998,204.60001
5/25/1998,193.89999
5/26/1998,183.10001
5/27/1998,172.30002
5/28/1998,161.5
5/29/1998,150.80002
5/30/1998,140
5/31/1998,129.20001
6/1/1998,114.60001
6/2/1998,100
6/3/1998,90.3
6/4/1998,85.5
6/5/1998,79.40001
6/6/1998,73.3
6/7/1998,67.3
6/8/1998,61.2
6/9/1998,55.2
6/10/1998,49.1
6/11/1998,49.1
6/12/1998,49.1
6/13/1998,49.1
6/14/1998,49.1
6/15/1998,49.1
6/16/1998,49.1
6/17/1998,49.1
6/18/1998,49.1
6/19/1998,44
6/20/1998,39
6/21/1998,33.9
6/22/1998,28.9
6/23/1998,23.8
6/24/1998,18.8
6/25/1998,17.9
6/26/1998,17.1
6/27/1998,16.2
6/28/1998,15.3
6/29/1998,14.5
6/30/1998,13.6
7/1/1998,12.7
7/2/1998,12.7
7/3/1998,12.7
7/4/1998,12.7
7/5/1998,12.7
7/6/1998,12.7
7/7/1998,12.7
7/8/1998,12.7
7/9/1998,12.7
7/10/1998,12.7
7/11/1998,12.7
7/12/1998,12.7
7/13/1998,12.7
7/14/1998,12.7
7/15/1998,12.7
7/16/1998,14.1
7/17/1998,14.1
7/18/1998,14.1
7/19/1998,14.1
7/20/1998,14.1
7/21/1998,14.1
7/22/1998,14.1
7/23/1998,14.1
7/24/1998,14.1
7/25/1998,14.1
7/26/1998,14.1
7/27/1998,14.1
7/28/1998,14.1
7/29/1998,14.1
7/30/1998,14.1
7/31/1998,14.1
8/1/1998,13.4
8/2/1998,13.4
8/3/1998,13.4
8/4/1998,13.2
8/5/1998,13.1
8/6/1998,13
8/7/1998,12.9
8/8/1998,12.8
8/9/1998,12.7
8/10/1998,12.6
8/11/1998,12.5
8/12/1998,12.4
8/13/1998,12.3
8/14/1998,12.2
8/15/1998,12.1
8/16/1998,12
8/17/1998,11.9
8/18/1998,11.7
8/19/1998,11.6
8/20/1998,11.5
8/21/1998,11.3
8/22/1998,11.2
8/23/1998,11.1
8/24/1998,10.9
8/25/1998,10.8
8/26/1998,10.4
8/27/1998,10.4
8/28/1998,10.4
8/29/1998,10.4
8/30/1998,10.4
8/31/1998,10.4
9/1/1998,10.4
9/2/1998,10.4
9/3/1998,10.4
9/4/1998,10.4
9/5/1998,10.4
9/6/1998,10.4
9/7/1998,10.4
9/8/1998,10.4
9/9/1998,10.4
9/10/1998,10.4
9/11/1998,10.4
9/12/1998,10.4
9/13/1998,10.4
9/14/1998,10.4
9/15/1998,10.4
9/16/1998,10.4
9/17/1998,10.1
9/18/1998,10.1
9/19/1998,10.1
9/20/1998,10.1
9/21/1998,10.1
9/22/1998,10.1
9/23/1998,10.1
9/24/1998,10.1
9/25/1998,10.1
9/26/1998,10.1
9/27/1998,10.1
9/28/1998,10.1
9/29/1998,10.1
9/30/1998,10.1
5/1/1999,89.5
5/2/1999,89.5
5/3/1999,89.5
5/4/1999,89.5
5/5/1999,89.5
5/6/1999,89.5
5/7/1999,89.5
5/8/1999,89.5
5/9/1999,89.5
5/10/1999,89.5
5/11/1999,89.5
5/12/1999,89.5
5/13/1999,89.5
5/14/1999,89.5
5/15/1999,87.5
5/16/1999,85.5
5/17/1999,83.5
5/18/1999,81.5
5/19/1999,79.5
5/20/1999,77.5
5/21/1999,79.3
5/22/1999,81
5/23/1999,82.8
5/24/1999,84.5
5/25/1999,86.2
5/26/1999,88
5/27/1999,84.10001
5/28/1999,80.2
5/29/1999,76.3
5/30/1999,72.5
5/31/1999,68.60001
6/1/1999,65.60001
6/2/1999,64.7
6/3/1999,63.8
6/4/1999,62.9
6/5/1999,62
6/6/1999,61.1
6/7/1999,60.2
6/8/1999,59.3
6/9/1999,58.4
6/10/1999,57.5
6/11/1999,56.6
6/12/1999,55.1
6/13/1999,53.7
6/14/1999,52.2
6/15/1999,50.7
6/16/1999,49.2
6/17/1999,47.7
6/18/1999,45.1
6/19/1999,42.5
6/20/1999,39.8
6/21/1999,37.2
6/22/1999,36.5
6/23/1999,35.7
6/24/1999,35
6/25/1999,34.3
6/26/1999,33.5
6/27/1999,32.8
6/28/1999,32
6/29/1999,31.3
6/30/1999,30.5
7/1/1999,29.8
7/2/1999,29.8
7/3/1999,29.8
7/4/1999,29.8
7/5/1999,29.8
7/6/1999,29.8
7/7/1999,29.8
7/8/1999,29.8
7/9/1999,29.8
7/10/1999,28.3
7/11/1999,26.8
7/12/1999,25.3
7/13/1999,25
7/14/1999,24.8
7/15/1999,24.5
7/16/1999,24.2
7/17/1999,23.9
7/18/1999,23.7
7/19/1999,23.4
7/20/1999,23.1
7/21/1999,22.9
7/22/1999,22.6
7/23/1999,22.3
7/24/1999,22.3
7/25/1999,22.3
7/26/1999,22.3
7/27/1999,22.3
7/28/1999,22.3
7/29/1999,21.6
7/30/1999,21
7/31/1999,20.3
8/1/1999,19.7
8/2/1999,19
8/3/1999,18.3
8/4/1999,17.7
8/5/1999,17
8/6/1999,16.3
8/7/1999,15.3
8/8/1999,14.4
8/9/1999,13.4
8/10/1999,13.5
8/11/1999,13.7
8/12/1999,13.9
8/13/1999,14.1
8/14/1999,14.3
8/15/1999,14.5
8/16/1999,14.7
8/17/1999,14.8
8/18/1999,14.3
8/19/1999,13.7
8/20/1999,13.1
8/21/1999,12.5
8/22/1999,11.9
8/23/1999,11.3
8/24/1999,10.7
8/25/1999,10.1
8/26/1999,9.5
8/27/1999,8.9
8/28/1999,9.3
8/29/1999,9.6
8/30/1999,10
8/31/1999,0
9/1/1999,10.4
9/2/1999,10.4
9/3/1999,10.4
9/4/1999,10.4
9/5/1999,10.4
9/6/1999,10.4
9/7/1999,10.4
9/8/1999,10.4
9/9/1999,10.4
9/10/1999,10.4
9/11/1999,10.2
9/12/1999,9.9
9/13/1999,9.7
9/14/1999,9.5
9/15/1999,9.3
9/16/1999,9.1
9/17/1999,8.9
9/18/1999,8.9
9/19/1999,8.9
9/20/1999,8.9
9/21/1999,8.9
9/22/1999,8.9
9/23/1999,8.9
9/24/1999,8.9
9/25/1999,8.9
9/26/1999,8.9
9/27/1999,8.9
9/28/1999,8.9
9/29/1999,8.9
9/30/1999,8.9
5/1/2000,18.5
5/2/2000,18.5
5/3/2000,18.5
5/4/2000,18.5
5/5/2000,18.5
5/6/2000,18.5
5/7/2000,18.5
5/8/2000,18.5
5/9/2000,18.5
5/10/2000,18.5
5/11/2000,18.5
5/12/2000,18.5
5/13/2000,18.5
5/14/2000,18.5
5/15/2000,18.5
5/16/2000,18.5
5/17/2000,18.5
5/18/2000,18.5
5/19/2000,18.5
5/20/2000,18.5
5/21/2000,18.5
5/22/2000,18.5
5/23/2000,18.5
5/24/2000,18.5
5/25/2000,17.8
5/26/2000,17.6
5/27/2000,17.4
5/28/2000,17.2
5/29/2000,17
5/30/2000,16.8
5/31/2000,16.6
6/1/2000,16.6
6/2/2000,15.9
6/3/2000,15.2
6/4/2000,14.4
6/5/2000,13.7
6/6/2000,13
6/7/2000,12.7
6/8/2000,12.4
6/9/2000,12.1
6/10/2000,11.7
6/11/2000,11.4
6/12/2000,11.1
6/13/2000,10.8
6/14/2000,10.4
6/15/2000,10.1
6/16/2000,9.7
6/17/2000,9.3
6/18/2000,8.9
6/19/2000,8.6
6/20/2000,8.2
6/21/2000,8
6/22/2000,7.7
6/23/2000,7.5
6/24/2000,7.2
6/25/2000,7
6/26/2000,6.7
6/27/2000,6.5
6/28/2000,6.2
6/29/2000,6
6/30/2000,6
7/1/2000,6
7/2/2000,5.7
7/3/2000,5.4
7/4/2000,5.1
7/5/2000,4.8
7/6/2000,4.8
7/7/2000,4.8
7/8/2000,4.8
7/9/2000,4.8
7/10/2000,4.8
7/11/2000,4.8
7/12/2000,4.8
7/13/2000,4.8
7/14/2000,4.8
7/15/2000,4.8
7/16/2000,4.8
7/17/2000,4.8
7/18/2000,4.8
7/19/2000,4.8
7/20/2000,4.7
7/21/2000,4.7
7/22/2000,4.7
7/23/2000,4.7
7/24/2000,4.7
7/25/2000,4.6
7/26/2000,4.6
7/27/2000,4.6
7/28/2000,4.6
7/29/2000,4.6
7/30/2000,4.6
7/31/2000,4.6
8/1/2000,4.6
8/2/2000,4.6
8/3/2000,4.6
8/4/2000,4.6
8/5/2000,4.4
8/6/2000,4.4
8/7/2000,4.4
8/8/2000,4.4
8/9/2000,4.4
8/10/2000,4.4
8/11/2000,4.3
8/12/2000,4.3
8/13/2000,4.3
8/14/2000,4.2
8/15/2000,4.2
8/16/2000,4.2
8/17/2000,4.3
8/18/2000,4.3
8/19/2000,4.3
8/20/2000,4.4
8/21/2000,4.4
8/22/2000,4.4
8/23/2000,4.4
8/24/2000,4.4
8/25/2000,4.4
8/26/2000,4.4
8/27/2000,4.4
8/28/2000,4.4
8/29/2000,4.4
8/30/2000,4.4
8/31/2000,4.4
9/1/2000,4.4
9/2/2000,4.5
9/3/2000,4.6
9/4/2000,4.7
9/5/2000,4.4
9/6/2000,4.5
9/7/2000,4.5
9/8/2000,4.6
9/9/2000,4.6
9/10/2000,4.7
9/11/2000,4.7
9/12/2000,4.7
9/13/2000,4.2
9/14/2000,4.2
9/15/2000,4.3
9/16/2000,4.3
9/17/2000,4.3
9/18/2000,4.3
9/19/2000,4.4
9/20/2000,4.4
9/21/2000,4.4
9/22/2000,4.4
9/23/2000,4.4
9/24/2000,4.4
9/25/2000,4.4
9/26/2000,4.4
9/27/2000,4.4
9/28/2000,4.4
9/29/2000,4.4
9/30/2000,4.4
5/1/2001,38.7
5/2/2001,38.7
5/3/2001,38.7
5/4/2001,38.7
5/5/2001,38.7
5/6/2001,38.7
5/7/2001,36.2
5/8/2001,33.8
5/9/2001,31.3
5/10/2001,28.8
5/11/2001,26.3
5/12/2001,23.8
5/13/2001,25
5/14/2001,26.3
5/15/2001,27.5
5/16/2001,28.8
5/17/2001,30
5/18/2001,31.3
5/19/2001,29.8
5/20/2001,28.3
5/21/2001,26.8
5/22/2001,25.3
5/23/2001,23.8
5/24/2001,22.7
5/25/2001,21.7
5/26/2001,20.6
5/27/2001,19.5
5/28/2001,18.5
5/29/2001,17.4
5/30/2001,16.3
5/31/2001,16.3
6/1/2001,16.3
6/2/2001,16.3
6/3/2001,16.3
6/4/2001,16.3
6/5/2001,16.3
6/6/2001,16.3
6/7/2001,16.3
6/8/2001,16.3
6/9/2001,16.3
6/10/2001,15.6
6/11/2001,14.8
6/12/2001,14.1
6/13/2001,13.4
6/14/2001,12.7
6/15/2001,11.9
6/16/2001,11.1
6/17/2001,10.4
6/18/2001,9.6
6/19/2001,8.9
6/20/2001,8.9
6/21/2001,8.9
6/22/2001,8.1
6/23/2001,8.1
6/24/2001,11.9
6/25/2001,16.3
6/26/2001,16.3
6/27/2001,15.6
6/28/2001,14.8
6/29/2001,14.8
6/30/2001,14.1
7/1/2001,14.1
7/2/2001,14.1
7/3/2001,14.1
7/4/2001,13.4
7/5/2001,13.4
7/6/2001,13.4
7/7/2001,13.4
7/8/2001,14.1
7/9/2001,14.8
7/10/2001,15.6
7/11/2001,14.8
7/12/2001,13.8
7/13/2001,12.6
7/14/2001,11.6
7/15/2001,10.6
7/16/2001,9.6
7/17/2001,8.6
7/18/2001,7.6
7/19/2001,6.6
7/20/2001,5.6
7/21/2001,4.6
7/22/2001,4.2
7/23/2001,4.2
7/24/2001,4.2
7/25/2001,4.2
7/26/2001,4.1
7/27/2001,4.1
7/28/2001,4.1
7/29/2001,4.1
7/30/2001,4
7/31/2001,4
8/1/2001,4
8/2/2001,4
8/3/2001,4
8/4/2001,4
8/5/2001,4
8/6/2001,4
8/7/2001,4
8/8/2001,4
8/9/2001,4
8/10/2001,4
8/11/2001,4
8/12/2001,4
8/13/2001,4
8/14/2001,4
8/15/2001,4
8/16/2001,4
8/17/2001,4
8/18/2001,4
8/19/2001,4
8/20/2001,4
8/21/2001,4
8/22/2001,4
8/23/2001,4
8/24/2001,4
8/25/2001,4
8/26/2001,4
8/27/2001,4
8/28/2001,4
8/29/2001,4
8/30/2001,4
8/31/2001,4
9/1/2001,4.4
9/2/2001,4.4
9/3/2001,4.4
9/4/2001,4.3
9/5/2001,4.3
9/6/2001,4.3
9/7/2001,4.3
9/8/2001,4.3
9/9/2001,4.3
9/10/2001,4.3
9/11/2001,4.3
9/12/2001,4.3
9/13/2001,4.2
9/14/2001,4.2
9/15/2001,4.2
9/16/2001,4.2
9/17/2001,4.2
9/18/2001,4.2
9/19/2001,4.2
9/20/2001,4.2
9/21/2001,4.2
9/22/2001,4.2
9/23/2001,4.2
9/24/2001,4.2
9/25/2001,4.1
9/26/2001,4.1
9/27/2001,4.1
9/28/2001,4.1
9/29/2001,4.1
9/30/2001,4.1
5/1/2002,45
5/2/2002,44.3
5/3/2002,43.7
5/4/2002,43
5/5/2002,42.3
5/6/2002,41.6
5/7/2002,41
5/8/2002,40.3
5/9/2002,39.6
5/10/2002,39
5/11/2002,38.3
5/12/2002,37.6
5/13/2002,37
5/14/2002,36.3
5/15/2002,35
5/16/2002,34.2
5/17/2002,33.4
5/18/2002,32.6
5/19/2002,31.8
5/20/2002,31
5/21/2002,30.2
5/22/2002,29.4
5/23/2002,28.6
5/24/2002,27.8
5/25/2002,27
5/26/2002,26.2
5/27/2002,25.4
5/28/2002,24.6
5/29/2002,23.8
5/30/2002,23.8
5/31/2002,23.8
6/1/2002,23.1
6/2/2002,22.3
6/3/2002,21.6
6/4/2002,20.8
6/5/2002,20.1
6/6/2002,19.3
6/7/2002,20.1
6/8/2002,19.3
6/9/2002,19.3
6/10/2002,18.6
6/11/2002,17.8
6/12/2002,17.1
6/13/2002,14
6/14/2002,14
6/15/2002,14
6/16/2002,14
6/17/2002,14
6/18/2002,14
6/19/2002,14
6/20/2002,14
6/21/2002,13.6
6/22/2002,13
6/23/2002,13
6/24/2002,11.6
6/25/2002,11
6/26/2002,11
6/27/2002,10.4
6/28/2002,10.4
6/29/2002,9.7
6/30/2002,9.7
7/1/2002,9.7
7/2/2002,9.7
7/3/2002,8.7
7/4/2002,8.7
7/5/2002,8.7
7/6/2002,8.2
7/7/2002,8.2
7/8/2002,7.4
7/9/2002,7.4
7/10/2002,7.4
7/11/2002,7.4
7/12/2002,7.2
7/13/2002,7.2
7/14/2002,7.2
7/15/2002,7
7/16/2002,7
7/17/2002,7
7/18/2002,7
7/19/2002,7
7/20/2002,7
7/21/2002,6.4
7/22/2002,6.4
7/23/2002,6.4
7/24/2002,5.8
7/25/2002,5.8
7/26/2002,5.8
7/27/2002,5.8
7/28/2002,5.8
7/29/2002,5.8
7/30/2002,5.5
7/31/2002,5.5
8/1/2002,5.5
8/2/2002,5.2
8/3/2002,5.2
8/4/2002,5.2
8/5/2002,5.2
8/6/2002,5.1
8/7/2002,5.1
8/8/2002,5.1
8/9/2002,5.1
8/10/2002,5.1
8/11/2002,5.1
8/12/2002,5.1
8/13/2002,5
8/14/2002,5
8/15/2002,5
8/16/2002,5
8/17/2002,5
8/18/2002,5
8/19/2002,5
8/20/2002,5
8/21/2002,4.9
8/22/2002,4.9
8/23/2002,4.9
8/24/2002,4.8
8/25/2002,4.8
8/26/2002,4.8
8/27/2002,4.8
8/28/2002,4.8
8/29/2002,4.8
8/30/2002,4.8
8/31/2002,4.8
9/1/2002,4.7
9/2/2002,4.7
9/3/2002,4.7
9/4/2002,4.7
9/5/2002,4.7
9/6/2002,4.7
9/7/2002,4.8
9/8/2002,4.9
9/9/2002,4.9
9/10/2002,4.9
9/11/2002,4.8
9/12/2002,4.8
9/13/2002,4.9
9/14/2002,4.8
9/15/2002,4.8
9/16/2002,4.7
9/17/2002,4.8
9/18/2002,4.9
9/19/2002,5
9/20/2002,5
9/21/2002,4.8
9/22/2002,4.8
9/23/2002,4.7
9/24/2002,4.7
9/25/2002,4.7
9/26/2002,4.7
9/27/2002,4.7
9/28/2002,4.7
9/29/2002,4.7
9/30/2002,4.7
5/1/2003,30.8
5/2/2003,30.8
5/3/2003,30.8
5/4/2003,31.7
5/5/2003,32.6
5/6/2003,33.5
5/7/2003,34.4
5/8/2003,35.3
5/9/2003,36.1
5/10/2003,37
5/11/2003,37.9
5/12/2003,38.8
5/13/2003,38.8
5/14/2003,38.8
5/15/2003,38.8
5/16/2003,38.8
5/17/2003,38.8
5/18/2003,38.8
5/19/2003,37.2
5/20/2003,35.6
5/21/2003,33.9
5/22/2003,32.3
5/23/2003,30.7
5/24/2003,29.1
5/25/2003,27.4
5/26/2003,25.8
5/27/2003,25.8
5/28/2003,23.2
5/29/2003,22.6
5/30/2003,22
5/31/2003,20.8
6/1/2003,20
6/2/2003,19.4
6/3/2003,18
6/4/2003,17.4
6/5/2003,17.4
6/6/2003,15.4
6/7/2003,15.4
6/8/2003,14.8
6/9/2003,14.8
6/10/2003,14.8
6/11/2003,14.2
6/12/2003,13.8
6/13/2003,13.8
6/14/2003,13.4
6/15/2003,12
6/16/2003,10.8
6/17/2003,10.8
6/18/2003,10.8
6/19/2003,10.8
6/20/2003,10.4
6/21/2003,10.4
6/22/2003,10.4
6/23/2003,10.4
6/24/2003,10.4
6/25/2003,10.4
6/26/2003,9.6
6/27/2003,9
6/28/2003,9
6/29/2003,8.2
6/30/2003,8.2
7/1/2003,7.8
7/2/2003,7.8
7/3/2003,7.8
7/4/2003,7.6
7/5/2003,7.6
7/6/2003,7.6
7/7/2003,6.7
7/8/2003,5.8
7/9/2003,5.8
7/10/2003,5.8
7/11/2003,5.8
7/12/2003,5.4
7/13/2003,5.4
7/14/2003,5.2
7/15/2003,5.2
7/16/2003,5.2
7/17/2003,4.9
7/18/2003,4.9
7/19/2003,4.4
7/20/2003,4.4
7/21/2003,4.4
7/22/2003,4.4
7/23/2003,4.4
7/24/2003,4.4
7/25/2003,4.4
7/26/2003,4.4
7/27/2003,4.3
7/28/2003,4.3
7/29/2003,4.3
7/30/2003,4.2
8/1/2003,4.2
8/2/2003,4.2
8/3/2003,4.2
8/4/2003,4.2
8/5/2003,4.3
8/6/2003,4.3
8/7/2003,4.3
8/8/2003,4.4
8/9/2003,4.4
8/10/2003,4.4
8/11/2003,4.4
8/12/2003,4.4
8/13/2003,4.4
8/14/2003,4.4
8/15/2003,4.4
8/16/2003,4.4
8/17/2003,4.4
8/18/2003,4.4
8/19/2003,4.4
8/20/2003,4.4
8/21/2003,4.4
8/22/2003,4.4
8/23/2003,4.4
8/24/2003,4.4
8/25/2003,4
8/26/2003,4
8/27/2003,4
8/28/2003,4
8/29/2003,4
8/30/2003,4
8/31/2003,4
9/1/2003,3.8
9/2/2003,3.8
9/3/2003,3.8
9/4/2003,3.8
9/5/2003,3.8
9/6/2003,3.8
9/7/2003,3.8
9/8/2003,3.8
9/9/2003,3.8
9/10/2003,3.8
9/11/2003,3.8
9/12/2003,3.8
9/13/2003,3.8
9/14/2003,3.8
9/15/2003,3.8
9/16/2003,3.8
9/17/2003,3.6
9/18/2003,3.6
9/19/2003,3.6
9/20/2003,3.6
9/21/2003,3.6
9/22/2003,3.6
9/23/2003,3.6
9/24/2003,3.6
9/25/2003,3.6
9/26/2003,3.6
9/27/2003,3.6
9/28/2003,3.6
9/29/2003,3.6
9/30/2003,3.6
5/1/2004,30
5/2/2004,30
5/3/2004,29
5/4/2004,29
5/5/2004,28
5/6/2004,28
5/7/2004,26
5/8/2004,26
5/9/2004,25
5/10/2004,25
5/11/2004,24
5/12/2004,24
5/13/2004,23
5/14/2004,23
5/15/2004,23
5/16/2004,22
5/17/2004,22
5/18/2004,22
5/19/2004,20.8
5/20/2004,20.2
5/21/2004,20.2
5/22/2004,18
5/23/2004,19.1
5/24/2004,19.1
5/25/2004,18
5/26/2004,17.4
5/27/2004,17.4
5/28/2004,19.1
5/29/2004,23.6
5/30/2004,22.8
5/31/2004,21.4
6/1/2004,20.2
6/2/2004,19.1
6/3/2004,18
6/4/2004,16.2
6/5/2004,16.2
6/6/2004,14.4
6/7/2004,14.4
6/8/2004,14.41
6/9/2004,14.1
6/10/2004,14.1
6/11/2004,14.1
6/12/2004,14.1
6/13/2004,14.1
6/14/2004,14.1
6/15/2004,13.5
6/16/2004,13.5
6/17/2004,13.5
6/18/2004,13.5
6/19/2004,12.8
6/20/2004,12.2
6/21/2004,12.2
6/22/2004,10.4
6/23/2004,10.4
6/24/2004,8.2
6/25/2004,7.8
6/26/2004,7.8
6/27/2004,7.8
6/28/2004,7.8
6/29/2004,7.8
6/30/2004,7.8
8/1/2004,4.4
8/2/2004,4.4
8/3/2004,4.4
8/4/2004,4.2
8/5/2004,4.2
8/6/2004,4.2
8/7/2004,4.2
8/8/2004,4.2
8/9/2004,4.2
8/10/2004,4.2
8/11/2004,4.2
8/12/2004,4.2
8/13/2004,4.2
8/14/2004,4.2
8/15/2004,4.2
8/16/2004,4.2
8/17/2004,4.2
8/18/2004,4.5
8/19/2004,4.5
8/20/2004,4.8
8/21/2004,4.8
8/22/2004,5.2
8/23/2004,5.2
8/24/2004,4.8
8/25/2004,4.8
8/26/2004,4.4
8/27/2004,4.2
8/28/2004,4.2
8/29/2004,4
8/30/2004,4
8/31/2004,4
9/1/2004,4
9/2/2004,4
9/3/2004,4
9/4/2004,4
9/5/2004,4
9/6/2004,4
9/7/2004,4
9/8/2004,4
9/9/2004,4
9/10/2004,4
9/11/2004,4
9/12/2004,4
9/13/2004,4
9/14/2004,4
9/15/2004,4
9/16/2004,4
9/17/2004,4
9/18/2004,4
9/19/2004,4
9/20/2004,4.2
9/21/2004,4.2
9/22/2004,4.2
9/23/2004,4
9/24/2004,4
9/25/2004,4
9/26/2004,4
9/27/2004,4
9/28/2004,4
9/29/2004,4
9/30/2004,3.7
5/1/2005,93.3
5/2/2005,93.3
5/3/2005,93.3
5/4/2005,93.3
5/5/2005,93.3
5/6/2005,93.3
5/7/2005,93.3
5/8/2005,93.3
5/9/2005,90.3
5/10/2005,87.4
5/11/2005,83.8
5/12/2005,81
5/13/2005,78.1
5/14/2005,75.3
5/15/2005,76
5/16/2005,76.7
5/17/2005,77.4
5/18/2005,78.1
5/19/2005,78.8
5/20/2005,79.5
5/21/2005,79.5
5/22/2005,80.2
5/23/2005,81
5/24/2005,78.1
5/25/2005,75.3
5/26/2005,72.6
5/27/2005,70.5
5/28/2005,67.2
5/29/2005,65.2
5/30/2005,62.5
5/31/2005,59.9
6/1/2005,58.7
6/2/2005,58
6/3/2005,57.4
6/4/2005,56.7
6/5/2005,56.1
6/6/2005,55.5
6/7/2005,55.5
6/8/2005,54.8
6/9/2005,54.8
6/10/2005,54.2
6/11/2005,54.2
6/12/2005,53.6
6/13/2005,53
6/14/2005,51.7
6/15/2005,50.5
6/16/2005,49.3
6/17/2005,48.1
6/18/2005,48.1
6/19/2005,46.9
6/20/2005,45.7
6/21/2005,44.5
6/22/2005,43.9
6/23/2005,43.3
6/24/2005,42.8
6/25/2005,42.2
6/26/2005,41.6
6/27/2005,41
6/28/2005,40.5
6/29/2005,40.5
6/30/2005,40.5
7/1/2005,39.9
7/2/2005,39.3
7/3/2005,38.7
7/4/2005,38.2
7/5/2005,37.6
7/6/2005,37.6
7/7/2005,36.5
7/8/2005,36.5
7/9/2005,36.5
7/10/2005,36.5
7/11/2005,35.4
7/12/2005,35.4
7/13/2005,35.4
7/14/2005,34.9
7/15/2005,34.3
7/16/2005,34.3
7/17/2005,33.8
7/18/2005,33.8
7/19/2005,33.8
7/20/2005,33.3
7/21/2005,32.7
7/22/2005,32.7
7/23/2005,32.7
7/24/2005,32.2
7/25/2005,32.2
7/26/2005,32.2
7/27/2005,32.2
7/28/2005,31.7
7/29/2005,31.1
7/30/2005,31.1
7/31/2005,31.1
8/1/2005,31.1
8/2/2005,31.1
8/3/2005,31.1
8/4/2005,30.6
8/5/2005,30.6
8/6/2005,30.1
8/7/2005,30.1
8/8/2005,29.6
8/9/2005,29.6
8/10/2005,29.1
8/11/2005,29.1
8/12/2005,29.1
8/13/2005,29.1
8/14/2005,29.1
8/15/2005,29.1
8/16/2005,29.1
8/17/2005,29.1
8/18/2005,29.1
8/19/2005,29.1
8/20/2005,28.5
8/21/2005,28.5
8/22/2005,28.5
8/23/2005,28.5
8/24/2005,28
8/25/2005,28
8/26/2005,27
8/27/2005,27
8/28/2005,27.5
8/29/2005,27.5
8/30/2005,27.5
8/31/2005,27.2
9/1/2005,27.5
9/2/2005,27.5
9/3/2005,27.5
9/4/2005,27
9/5/2005,27
9/6/2005,27
9/7/2005,27
9/8/2005,27
9/9/2005,27
9/10/2005,27
9/11/2005,27
9/12/2005,27
9/13/2005,27
9/14/2005,27
9/15/2005,27
9/16/2005,27
9/17/2005,27
9/18/2005,27
9/19/2005,27
9/20/2005,27
9/21/2005,26.5
9/22/2005,26.5
9/23/2005,26.5
9/24/2005,26.5
9/25/2005,26.5
9/26/2005,26.5
9/27/2005,26.5
9/28/2005,26.5
9/29/2005,26.5
9/30/2005,26.5
5/1/2006,91.79
5/2/2006,91.79
5/3/2006,91.79
5/4/2006,91.79
5/5/2006,91.79
5/6/2006,91.79
5/7/2006,92.52
5/8/2006,98.48
5/9/2006,96.98
5/10/2006,92.52
5/11/2006,86.68
5/12/2006,83.09
5/13/2006,85.24
5/14/2006,82.37
5/15/2006,79.54
5/16/2006,76.74
5/17/2006,73.97
5/18/2006,71.23
5/19/2006,68.52
5/20/2006,67.85
5/21/2006,67.85
5/22/2006,67.85
5/23/2006,67.18
5/24/2006,64.52
5/25/2006,64.52
5/26/2006,64.52
5/27/2006,64.52
5/28/2006,64.52
5/29/2006,61.89
5/30/2006,58.66
5/31/2006,55.48
6/1/2006,55.48
6/2/2006,53.6
6/3/2006,51.12
6/4/2006,49.9
6/5/2006,49.9
6/6/2006,49.29
6/7/2006,48.08
6/8/2006,48.08
6/9/2006,46.88
6/10/2006,48.08
6/11/2006,47.48
6/12/2006,46.88
6/13/2006,45.1
6/14/2006,45.1
6/15/2006,43.92
6/16/2006,43.92
6/17/2006,43.34
6/18/2006,42.75
6/19/2006,42.17
6/20/2006,41.6
6/21/2006,40.45
6/22/2006,40.45
6/23/2006,39.88
6/24/2006,39.31
6/25/2006,38.75
6/26/2006,38.75
6/27/2006,37.63
6/28/2006,37.63
6/29/2006,37.07
6/30/2006,37.07
7/1/2006,37.07
7/2/2006,37.07
7/3/2006,37.07
7/4/2006,37.07
7/5/2006,37.07
7/6/2006,37.07
7/7/2006,37.07
7/8/2006,37.07
7/9/2006,37.07
7/10/2006,37.07
7/11/2006,37.07
7/12/2006,37.07
7/13/2006,37.07
7/14/2006,37.07
7/15/2006,37.07
7/16/2006,36.52
7/17/2006,35.97
7/18/2006,35.42
7/19/2006,34.87
7/20/2006,34.33
7/21/2006,33.25
7/22/2006,32.72
7/23/2006,32.19
7/24/2006,31.66
7/25/2006,32.19
7/26/2006,32.19
7/27/2006,32.19
7/28/2006,32.19
7/29/2006,32.19
7/30/2006,32.19
7/31/2006,32.19
8/1/2006,31.66
8/2/2006,32.72
8/3/2006,32.72
8/4/2006,32.19
8/5/2006,32.19
8/6/2006,32.19
8/7/2006,32.19
8/8/2006,31.66
8/9/2006,31.66
8/10/2006,31.13
8/11/2006,31.13
8/12/2006,31.13
8/13/2006,31.13
8/14/2006,30.61
8/15/2006,30.61
8/16/2006,30.61
8/17/2006,30.61
8/18/2006,29.57
8/19/2006,29.57
8/20/2006,29.57
8/21/2006,29.57
8/22/2006,29.57
8/23/2006,29.57
8/24/2006,29.05
8/25/2006,29.05
8/26/2006,29.05
8/27/2006,29.05
8/28/2006,29.05
8/29/2006,29.05
8/30/2006,29.05
8/31/2006,29.05
9/1/2006,29.05
9/2/2006,29.05
9/3/2006,29.05
9/4/2006,29.05
9/5/2006,28.54
9/6/2006,28.54
9/7/2006,28.54
9/8/2006,28.54
9/9/2006,28.54
9/10/2006,28.54
9/11/2006,28.54
9/12/2006,28.54
9/13/2006,28.54
9/14/2006,28.54
9/15/2006,31.66
9/16/2006,32.19
9/17/2006,31.66
9/18/2006,30.61
9/19/2006,30.08
9/20/2006,30.08
9/21/2006,30.08
9/22/2006,30.08
9/23/2006,30.08
9/24/2006,30.08
9/25/2006,29.05
9/26/2006,28.54
9/27/2006,28.03
9/28/2006,28.03
9/29/2006,28.03
9/30/2006,28.03
5/1/2007,45.7
5/2/2007,45.7
5/3/2007,46.3
5/4/2007,46.3
5/5/2007,46.3
5/6/2007,45.7
5/7/2007,45.1
5/8/2007,43.9
5/9/2007,42.8
5/10/2007,41.6
5/11/2007,41
5/12/2007,40.5
5/13/2007,39.9
5/14/2007,39.3
5/15/2007,39.3
5/16/2007,38.7
5/17/2007,38.2
5/18/2007,37.6
5/19/2007,37.1
5/20/2007,36.5
5/21/2007,36.5
5/22/2007,36
5/23/2007,35.4
5/24/2007,35.4
5/25/2007,34.9
5/26/2007,34.6
5/27/2007,34.3
5/28/2007,34.1
5/29/2007,33.8
5/30/2007,33.5
5/31/2007,33.3
6/1/2007,33
6/2/2007,32.7
6/3/2007,32.5
6/4/2007,32.2
6/5/2007,31.9
6/6/2007,31.7
6/7/2007,31.4
6/8/2007,31.1
6/9/2007,30.9
6/10/2007,30.6
6/11/2007,30.6
6/12/2007,30.1
6/13/2007,30.1
6/14/2007,29.6
6/15/2007,29.6
6/16/2007,29.1
6/17/2007,29.1
6/18/2007,28.5
6/19/2007,28
6/20/2007,27.5
6/21/2007,27.5
6/22/2007,27
6/23/2007,26.5
6/24/2007,26
6/25/2007,25.5
6/26/2007,25.5
6/27/2007,25.5
6/28/2007,25.5
6/29/2007,25
6/30/2007,25
7/1/2007,25
7/2/2007,25
7/3/2007,25
7/4/2007,25
7/5/2007,25
7/6/2007,25
7/7/2007,25
7/8/2007,25
7/9/2007,25
7/10/2007,25
7/11/2007,25
7/12/2007,25
7/13/2007,25
7/14/2007,25
7/15/2007,25
7/16/2007,25
7/17/2007,25
7/18/2007,25
7/19/2007,24.5
7/20/2007,24.5
7/21/2007,24.5
7/22/2007,24.5
7/23/2007,24.5
7/24/2007,24.5
7/25/2007,24.5
7/26/2007,24.1
7/27/2007,24.1
7/28/2007,24.1
7/29/2007,24.1
7/30/2007,24.1
7/31/2007,24.1
8/1/2007,24.5
8/2/2007,24.5
8/3/2007,24.5
8/4/2007,25
8/5/2007,25
8/6/2007,25
8/7/2007,25
8/8/2007,25
8/9/2007,25
8/10/2007,25
8/11/2007,25
8/12/2007,25
8/13/2007,25
8/14/2007,25
8/15/2007,25
8/16/2007,25
8/17/2007,24.5
8/18/2007,24.5
8/19/2007,24.5
8/20/2007,24.5
8/21/2007,24.5
8/22/2007,24.5
8/23/2007,24.1
8/24/2007,24.1
8/25/2007,24.1
8/26/2007,24.1
8/27/2007,24.1
8/28/2007,24.1
8/29/2007,24.1
8/30/2007,24.1
8/31/2007,24.1
9/1/2007,24.1
9/2/2007,24.1
9/3/2007,24.5
9/4/2007,24.5
9/5/2007,24.5
9/6/2007,24.5
9/7/2007,24.5
9/8/2007,24.5
9/9/2007,24.5
9/10/2007,24.5
9/11/2007,25
9/12/2007,25
9/13/2007,25
9/14/2007,25
9/15/2007,25
9/16/2007,25
9/17/2007,25
9/18/2007,25
9/19/2007,25
9/20/2007,25
9/21/2007,25
9/22/2007,25
9/23/2007,25
9/24/2007,25
9/25/2007,25
9/26/2007,25
9/27/2007,25
9/28/2007,25
9/29/2007,25
9/30/2007,25
5/1/2008,110.2
5/2/2008,225.8
5/3/2008,341.5
5/4/2008,457.2
5/5/2008,572.8
5/6/2008,688.5
5/7/2008,632.4
5/8/2008,576.4
5/9/2008,520.3
5/10/2008,464.2
5/11/2008,408.2
5/12/2008,352.1
5/13/2008,339.3
5/14/2008,326.5
5/15/2008,313.7
5/16/2008,300.9
5/17/2008,288.1
5/18/2008,375.4
5/19/2008,262.6
5/20/2008,249.8
5/21/2008,237
5/22/2008,226.2
5/23/2008,215.4
5/24/2008,204.6
5/25/2008,193.9
5/26/2008,183.1
5/27/2008,172.3
5/28/2008,161.5
5/29/2008,150.8
5/30/2008,140
5/31/2008,129.2
6/1/2008,114.6
6/2/2008,100
6/3/2008,90.3
6/4/2008,85.5
6/5/2008,79.4
6/6/2008,73.3
6/7/2008,67.3
6/8/2008,61.2
6/9/2008,55.2
6/10/2008,49.1
6/11/2008,49.1
6/12/2008,49.1
6/13/2008,49.1
6/14/2008,49.1
6/15/2008,49.1
6/16/2008,49.1
6/17/2008,49.1
6/18/2008,49.1
6/19/2008,44
6/20/2008,39
6/21/2008,33.9
6/22/2008,28.9
6/23/2008,23.8
6/24/2008,18.8
6/25/2008,17.9
6/26/2008,17.1
6/27/2008,16.2
6/28/2008,15.3
6/29/2008,14.5
6/30/2008,13.6
7/1/2008,12.7
7/2/2008,12.7
7/3/2008,12.7
7/4/2008,12.7
7/5/2008,12.7
7/6/2008,12.7
7/7/2008,12.7
7/8/2008,12.7
7/9/2008,12.7
7/10/2008,12.7
7/11/2008,12.7
7/12/2008,12.7
7/13/2008,12.7
7/14/2008,12.7
7/15/2008,12.7
7/16/2008,14.1
7/17/2008,14.1
7/18/2008,14.1
7/19/2008,14.1
7/20/2008,14.1
7/21/2008,14.1
7/22/2008,14.1
7/23/2008,14.1
7/24/2008,14.1
7/25/2008,14.1
7/26/2008,14.1
7/27/2008,14.1
7/28/2008,14.1
7/29/2008,14.1
7/30/2008,14.1
7/31/2008,14.1
8/1/2008,13.4
8/2/2008,13.4
8/3/2008,13.4
8/4/2008,13.2
8/5/2008,13.1
8/6/2008,13
8/7/2008,12.9
8/8/2008,12.8
8/9/2008,12.7
8/10/2008,12.6
8/11/2008,12.5
8/12/2008,12.4
8/13/2008,12.3
8/14/2008,12.2
8/15/2008,12.1
8/16/2008,12
8/17/2008,11.9
8/18/2008,11.7
8/19/2008,11.7
8/20/2008,11.5
8/21/2008,11.3
8/22/2008,11.1
8/23/2008,10.9
8/24/2008,10.8
8/25/2008,10.4
8/26/2008,10.4
8/27/2008,10.4
8/28/2008,10.4
8/29/2008,10.4
8/30/2008,10.4
8/31/2008,10.4
9/1/2008,10.4
9/2/2008,10.4
9/3/2008,10.4
9/4/2008,10.4
9/5/2008,10.4
9/6/2008,10.4
9/7/2008,10.4
9/8/2008,10.4
9/9/2008,10.4
9/10/2008,10.4
9/11/2008,10.4
9/12/2008,10.4
9/13/2008,10.4
9/14/2008,10.4
9/15/2008,10.4
9/16/2008,10.4
9/17/2008,10.1
9/18/2008,10.1
9/19/2008,10.1
9/20/2008,10.1
9/21/2008,10.1
9/22/2008,10.1
9/23/2008,10.1
9/24/2008,10.1
9/25/2008,10.1
9/26/2008,10.1
9/27/2008,10.1
9/28/2008,10.1
9/29/2008,10.1
9/30/2008,10.1
5/1/2009,220
5/2/2009,240
5/3/2009,260
5/4/2009,280
5/5/2009,300
5/6/2009,320
5/7/2009,340
5/8/2009,360
5/9/2009,380
5/10/2009,400
5/11/2009,420
5/12/2009,440
5/13/2009,460
5/14/2009,480
5/15/2009,500
5/16/2009,520
5/17/2009,540
5/18/2009,560
5/19/2009,580
5/20/2009,600
5/21/2009,580
5/22/2009,560
5/23/2009,540
5/24/2009,520
5/25/2009,500
5/26/2009,480
5/27/2009,460
5/28/2009,440
5/29/2009,420
5/30/2009,400
5/31/2009,380
6/1/2009,340
6/2/2009,280
6/3/2009,220
6/4/2009,160
6/5/2009,100
6/6/2009,95
6/7/2009,90
6/8/2009,85
6/9/2009,80
6/10/2009,75
6/11/2009,70
6/12/2009,65
6/13/2009,60
6/14/2009,55
6/15/2009,50
6/16/2009,45
6/17/2009,40
6/18/2009,40
6/19/2009,40
6/20/2009,40
6/21/2009,40
6/22/2009,40
6/23/2009,40
6/24/2009,40
6/25/2009,40
6/26/2009,40
6/27/2009,40
6/28/2009,40
6/29/2009,40
6/30/2009,40
7/1/2009,38.7
7/2/2009,38.2
7/3/2009,37.6
7/4/2009,37.1
7/5/2009,35.4
7/6/2009,34.9
7/7/2009,34.3
7/8/2009,33.8
7/9/2009,33.3
7/10/2009,32.7
7/11/2009,32.2
7/12/2009,31.7
7/13/2009,31.1
7/14/2009,30.6
7/15/2009,30.1
7/16/2009,29.6
7/17/2009,29.3
7/18/2009,29
7/19/2009,28.7
7/20/2009,28.4
7/21/2009,28.1
7/22/2009,27.8
7/23/2009,27.5
7/24/2009,27.2
7/25/2009,26.9
7/26/2009,26.6
7/27/2009,26.3
7/28/2009,26
7/29/2009,25.8
7/30/2009,25.5
7/31/2009,25.2
8/1/2009,25
8/2/2009,24.8
8/3/2009,24.5
8/4/2009,24.2
8/5/2009,24.1
8/6/2009,24.1
8/7/2009,24.1
8/8/2009,24.1
8/9/2009,23.6
8/10/2009,23.6
8/11/2009,23.6
8/12/2009,23.6
8/13/2009,23.6
8/14/2009,23.6
8/15/2009,23.6
8/16/2009,23.1
8/17/2009,23.1
8/18/2009,22.6
8/19/2009,22.6
8/20/2009,22.6
8/21/2009,22.6
8/22/2009,22.2
8/23/2009,22.2
8/24/2009,22.2
8/25/2009,21.7
8/26/2009,21.7
8/27/2009,21.7
8/28/2009,22.2
8/29/2009,22.2
8/30/2009,22.6
8/31/2009,22.6
9/1/2009,23.1
9/2/2009,23.1
9/3/2009,23.1
9/4/2009,23.1
9/5/2009,22.6
9/6/2009,22.2
9/7/2009,21.7
9/8/2009,21.7
9/9/2009,21.2
9/10/2009,21.2
9/11/2009,21.2
9/12/2009,21.7
9/13/2009,21.7
9/14/2009,22.2
9/15/2009,22.2
9/16/2009,22.2
9/17/2009,22.2
9/18/2009,22.2
9/19/2009,21.7
9/20/2009,21.7
9/21/2009,21.2
9/22/2009,21.2
9/23/2009,21.2
9/24/2009,21.2
9/25/2009,21.2
9/26/2009,21.2
9/27/2009,21.2
9/28/2009,21.2
9/29/2009,21.2
9/30/2009,21.2
5/1/2013,54
5/2/2013,54.43
5/3/2013,54.65
5/4/2013,54.86
5/5/2013,55.08
5/6/2013,55.3
5/7/2013,54.4
5/8/2013,53.51
5/9/2013,52.62
5/10/2013,51.73
5/11/2013,50.84
5/12/2013,49.95
5/13/2013,49.06
5/14/2013,48
5/15/2013,46
5/16/2013,45
5/17/2013,44
5/18/2013,42
5/19/2013,41
5/20/2013,40
5/21/2013,39.75
5/22/2013,39.5
5/23/2013,39.25
5/24/2013,39
5/25/2013,38.75
5/26/2013,38.5
5/27/2013,38
4/1/2018,0
4/2/2018,0
4/3/2018,0
4/4/2018,0
4/5/2018,0
4/6/2018,0
4/7/2018,0
4/8/2018,0
4/9/2018,0
4/10/2018,0
4/11/2018,0
4/12/2018,0
4/13/2018,0
4/14/2018,0
4/15/2018,0
4/16/2018,0
4/17/2018,0
4/18/2018,0
4/19/2018,0
4/20/2018,0
4/21/2018,0
4/22/2018,0
4/23/2018,0
4/24/2018,0
4/25/2018,0
4/26/2018,0
4/27/2018,0
4/28/2018,0
4/29/2018,0
4/30/2018,0
5/1/2018,0
5/2/2018,0
5/3/2018,0
5/4/2018,0
5/5/2018,0
5/6/2018,0
5/7/2018,0
5/8/2018,0
5/9/2018,0
5/10/2018,0
5/11/2018,0
5/12/2018,0
5/13/2018,0
5/14/2018,0
5/15/2018,0
5/16/2018,0
5/17/2018,0
5/18/2018,0
5/19/2018,0
5/20/2018,0
5/21/2018,0
5/22/2018,0
5/23/2018,0
5/24/2018,0
5/25/2018,0
5/26/2018,0
5/27/2018,0
5/28/2018,0
5/29/2018,0
5/30/2018,0
5/31/2018,0
6/1/2018,0
6/2/2018,0
6/3/2018,0
6/4/2018,0
6/5/2018,0
6/6/2018,0
6/7/2018,23.01
6/8/2018,22.69
6/9/2018,22.36
6/10/2018,22.04
6/11/2018,21.71
6/12/2018,21.38
6/13/2018,21.06
6/14/2018,20.73
6/15/2018,20.41
6/16/2018,20
6/17/2018,19.77
6/18/2018,19.54
6/19/2018,19.31
6/20/2018,19.08
6/21/2018,18.85
6/22/2018,18.62
6/23/2018,18.39
6/24/2018,18.15
6/25/2018,17.92
6/26/2018,17.69
6/27/2018,17.46
6/28/2018,17.23
6/29/2018,17
6/30/2018,17
7/1/2018,17
7/2/2018,16.77
7/3/2018,16.54
7/4/2018,16.31
7/5/2018,16.08
7/6/2018,15.85
7/7/2018,15.62
7/8/2018,15.39
7/9/2018,15.15
7/10/2018,14.92
7/11/2018,14.69
7/12/2018,14.46
7/13/2018,14.23
7/14/2018,14
7/15/2018,13.77
7/16/2018,13.54
7/17/2018,13.31
7/18/2018,13.08
7/19/2018,12.85
7/20/2018,12.62
7/21/2018,12.39
7/22/2018,12
7/23/2018,12
7/24/2018,12
7/25/2018,12
7/26/2018,12
7/27/2018,12
7/28/2018,12
7/29/2018,12
7/30/2018,12
7/31/2018,12
8/1/2018,12
8/2/2018,12
8/3/2018,12
8/4/2018,12
8/5/2018,12
8/6/2018,12
8/7/2018,12
8/8/2018,12
8/9/2018,12
8/10/2018,12
8/11/2018,12
8/12/2018,12
8/13/2018,12
8/14/2018,12
8/15/2018,12
8/16/2018,12
8/17/2018,12
8/18/2018,12
8/19/2018,12
8/20/2018,12
8/21/2018,12
8/22/2018,12
8/23/2018,12
8/24/2018,12
8/25/2018,12
8/26/2018,12
8/27/2018,12
8/28/2018,12
8/29/2018,12
8/30/2018,12
8/31/2018,12
9/1/2018,12
9/2/2018,12
9/3/2018,12
9/4/2018,12
9/5/2018,12
9/6/2018,12
9/7/2018,12
9/8/2018,12
9/9/2018,12
9/10/2018,12
9/11/2018,12
9/12/2018,12
9/13/2018,12
9/14/2018,12
9/15/2018,12
9/16/2018,12
9/17/2018,12
9/18/2018,12
9/19/2018,12
9/20/2018,12
9/21/2018,12
9/22/2018,12
9/23/2018,12
9/24/2018,12
9/25/2018,12
9/26/2018,12
9/27/2018,12
9/28/2018,12
9/29/2018,12
9/30/2018,12
11/30/2021,0.086999502
12/1/2021,23.84430994
12/2/2021,7.14141569
12/3/2021,4.005851667
12/4/2021,3.935626388
12/5/2021,3.574184785
12/6/2021,3.786602694
12/7/2021,3.688075076
12/8/2021,3.751187518
12/9/2021,3.697615444
12/10/2021,4.039425811
12/12/2021,3.69643258
12/23/2021,3.886637026
2/20/2022,2.971566362
2/22/2022,0.530931173
3/14/2022,4.124659406
3/15/2022,4.237695157
3/16/2022,4.314282557
3/30/2022,9.417081223
3/31/2022,10.02589921
4/1/2022,23.78187754
4/2/2022,49.75879999
4/3/2022,59.23800237
4/4/2022,62.45302253
4/5/2022,59.15440696
4/6/2022,48.02850819
4/7/2022,41.73639433
4/8/2022,48.11492318
4/9/2022,66.38044937
4/10/2022,57.95134284
4/11/2022,51.17787124
4/12/2022,48.34447742
4/13/2022,43.83617517
4/14/2022,38.97882747
4/15/2022,34.02462608
4/16/2022,33.3843081
4/17/2022,50.13191122
4/18/2022,75.76679543
4/19/2022,91.43784839
4/20/2022,92.86835193
4/21/2022,96.20114107
4/22/2022,113.832697
4/23/2022,104.6923878
4/24/2022,85.38106838
4/25/2022,75.47453065
4/26/2022,72.54344201
4/27/2022,76.45160239
4/28/2022,91.13144828
4/29/2022,95.79047164
4/30/2022,79.7048011
5/1/2022,80.21084064
5/2/2022,86.48247956
5/3/2022,107.3572717
5/4/2022,89.86450839
5/5/2022,75.32945063
5/6/2022,71.96562513
5/7/2022,78.22745963
5/8/2022,84.69753824
5/9/2022,83.79300497
5/10/2022,73.8567596
5/11/2022,63.304671
5/12/2022,56.9276915
5/13/2022,52.9435632
5/14/2022,47.18774487
5/15/2022,42.47259911
5/16/2022,41.4087282
5/17/2022,41.92849256
5/18/2022,42.75660015
5/19/2022,44.6665422
5/20/2022,45.02895853
5/21/2022,40.13438851
5/22/2022,37.43362027
5/23/2022,34.88384787
5/24/2022,31.4313155
5/25/2022,29.77517619
5/26/2022,26.80893097
5/27/2022,24.87930518
5/28/2022,28.12382429
5/29/2022,29.60904126
5/30/2022,31.35807866
5/31/2022,29.36482471
6/1/2022,28.03734234
6/2/2022,26.39419736
6/3/2022,25.27205241
6/4/2022,24.75800403
6/5/2022,24.09808561
6/6/2022,23.34486879
6/7/2022,23.8152642
6/8/2022,22.17672626
6/9/2022,21.27469934
6/10/2022,20.57356837
6/11/2022,19.86564235
6/12/2022,19.02814539
6/13/2022,19.70251144
6/14/2022,19.86682634
6/15/2022,18.22142885
6/16/2022,15.99904214
6/17/2022,14.39785189
6/18/2022,14.69901146
6/19/2022,14.84043672
6/20/2022,16.3160684
6/21/2022,15.09013408
6/22/2022,14.10333025
6/23/2022,13.32024184
6/24/2022,13.59538608
6/25/2022,13.58360156
6/26/2022,13.15079582
6/27/2022,12.49818075
6/28/2022,11.98312069
6/29/2022,11.40512384
6/30/2022,12.05552447
7/1/2022,11.53386162
7/2/2022,10.90422282
7/3/2022,10.72669002
7/4/2022,11.14091457
7/5/2022,10.90161441
7/6/2022,10.28693433
7/7/2022,10.30648771
7/8/2022,10.08163278
7/9/2022,9.944861734
7/10/2022,9.986666428
7/11/2022,10.15196732
7/12/2022,9.756831872
7/13/2022,9.290140489
7/14/2022,9.089281847
7/15/2022,9.373186958
7/16/2022,9.410234038
7/17/2022,9.136653556
7/18/2022,9.136250506
7/19/2022,9.17260091
7/20/2022,9.160534578
7/21/2022,8.95228926
7/22/2022,8.755523209
7/23/2022,8.662622863
7/24/2022,8.790196354
7/25/2022,8.902597552
7/26/2022,8.867156307
7/27/2022,8.638484972
7/28/2022,8.506880143
7/29/2022,8.671678199
7/30/2022,8.671560616
7/31/2022,8.518345612
8/1/2022,8.809218844
8/2/2022,8.779675105
8/3/2022,8.907719057
8/4/2022,8.750263912
8/5/2022,8.69768522
8/6/2022,8.99143638
8/7/2022,8.992988918
8/8/2022,8.904412287
8/9/2022,8.852418266
8/10/2022,8.676579758
8/11/2022,8.736141604
8/12/2022,8.617737693
8/13/2022,8.660688401
8/14/2022,9.093412851
8/17/2022,7.776884953
8/18/2022,8.325658523
8/19/2022,8.692070332
8/20/2022,8.948738109
8/21/2022,8.689267473
8/22/2022,8.542897627
8/23/2022,8.447782423
8/24/2022,8.404318931
8/25/2022,8.272353615
8/26/2022,8.512324628
8/27/2022,8.440478551
8/28/2022,8.481301371
8/29/2022,8.340020288
8/30/2022,8.146313951
8/31/2022,8.020082655
9/1/2022,7.97077725
9/2/2022,8.187274718
9/3/2022,7.946374237
9/4/2022,7.879394759
9/5/2022,7.899309359
9/6/2022,7.883377029
9/7/2022,7.701623245
9/8/2022,7.939378971
9/9/2022,8.337385611
9/10/2022,8.233725227
9/11/2022,8.106061489
9/12/2022,8.225358114
9/13/2022,8.22283694
9/14/2022,8.205830933
9/15/2022,8.463956166
9/16/2022,8.575543228
9/17/2022,8.869426556
9/18/2022,8.485279954
9/19/2022,8.565714754
9/20/2022,8.319097415
9/21/2022,8.250093195
9/22/2022,8.689269642
9/23/2022,8.916240837
9/24/2022,8.744529362
9/25/2022,8.551310469
9/26/2022,8.463599564
9/27/2022,8.346133508
9/28/2022,8.147587207
9/29/2022,8.029538405
9/30/2022,8.509870001
10/1/2022,8.718538839
10/2/2022,8.668771946
10/3/2022,8.603126274
10/4/2022,8.626230881
10/5/2022,8.425629449
10/6/2022,8.381779239
10/7/2022,8.450140438
10/8/2022,8.346100782
10/9/2022,8.381133768
10/10/2022,8.582653359
10/11/2022,8.617688502
10/12/2022,8.81699102
10/13/2022,8.870134874
10/14/2022,8.834390722
10/15/2022,8.839784411
10/16/2022,8.423378155
10/17/2022,8.64320379
10/18/2022,8.726189809
10/19/2022,8.821089881
10/20/2022,8.818188029
10/21/2022,8.694565123
10/22/2022,8.419604245
10/23/2022,9.388724667
10/24/2022,9.52856546
10/25/2022,9.109132724
10/26/2022,9.501314763
10/27/2022,9.372917886
10/28/2022,9.889034557
10/29/2022,9.300456875
10/30/2022,9.490643519
10/31/2022,9.391866719
11/1/2022,8.776408281
11/2/2022,8.899602402
11/3/2022,9.271038682
11/4/2022,9.582387739
11/5/2022,9.093460274
11/6/2022,9.409439788
5/4/2023,1074.180785
5/5/2023,863.8828183
5/6/2023,734.3585289
5/7/2023,690.3123812
5/8/2023,750.7778098
5/9/2023,817.7270604
5/10/2023,868.6289439
5/11/2023,870.3856935
5/12/2023,836.177213
5/13/2023,834.4682829
5/14/2023,1110.051074
5/15/2023,1012.148282
5/16/2023,692.7274955
5/17/2023,635.6693776
5/18/2023,595.7115186
5/19/2023,519.5854991
5/20/2023,464.7139305
5/21/2023,434.4917366
5/22/2023,418.3327902
5/23/2023,407.1276547
5/24/2023,386.9342032
5/25/2023,335.7796451
5/26/2023,297.3606283
5/27/2023,223.5803914
5/28/2023,189.065383
5/29/2023,173.3428361
5/30/2023,151.923827
5/31/2023,152.8306521
6/1/2023,139.3476833
6/2/2023,119.1389885
6/3/2023,105.3655552
6/4/2023,98.98026218
6/5/2023,93.74970843
6/6/2023,87.04246996
6/7/2023,79.8836399
6/8/2023,79.20878112
6/9/2023,73.89651764
6/10/2023,68.205879
6/11/2023,66.05903361
6/12/2023,63.59940681
6/13/2023,58.25019386
6/14/2023,54.49253159
6/15/2023,53.80731937
6/16/2023,51.25293251
6/17/2023,46.63397499
6/18/2023,46.88139094
6/19/2023,45.15126648
6/20/2023,44.60036285
6/21/2023,41.40158109
6/22/2023,37.7271482
6/23/2023,34.95683683
6/24/2023,34.54123667
6/25/2023,31.4850386
6/26/2023,31.56401821
6/27/2023,30.62814969
6/28/2023,29.35411971
6/29/2023,28.67332841
6/30/2023,27.62469554
7/1/2023,26.1591727
7/2/2023,24.98859396
7/3/2023,24.33757561
7/4/2023,24.95178085
7/5/2023,24.32971949
7/6/2023,23.51679363
7/7/2023,21.84463114
7/8/2023,20.18803215
7/9/2023,19.87980709
7/10/2023,19.64025055
7/11/2023,20.13959649
7/12/2023,19.53940128
7/13/2023,19.09207041
7/14/2023,19.16973302
7/15/2023,18.56549647
7/16/2023,17.24029723
7/17/2023,16.63103957
7/18/2023,15.51639259
7/19/2023,16.52132874
7/20/2023,17.15240074
7/21/2023,16.32627364
7/22/2023,15.53073144
7/23/2023,14.81006472
7/24/2023,15.2663322
7/25/2023,15.78827263
7/26/2023,15.67049909
7/27/2023,14.62318349
7/28/2023,14.43209996
7/29/2023,14.14381842
7/30/2023,14.2786602
7/31/2023,13.85048659
8/1/2023,14.6687119
8/2/2023,16.22791378
8/3/2023,17.46869606
8/4/2023,15.61359299
8/5/2023,14.8063676
8/6/2023,14.50897601
8/7/2023,14.40875381
8/8/2023,13.96386855
8/9/2023,13.9144687
8/10/2023,13.30426776
8/11/2023,13.27931444
8/12/2023,12.84107654
8/13/2023,12.99669517
8/14/2023,12.28540819
8/15/2023,12.01562596
8/16/2023,11.95338931
8/17/2023,11.81316109
8/18/2023,11.78667989
8/19/2023,12.10952873
8/20/2023,12.95512909
8/21/2023,12.2970809
8/22/2023,13.10694789
8/23/2023,12.79381508
8/24/2023,11.81340657
8/25/2023,11.92729985
8/26/2023,11.80080921
8/27/2023,11.76183056
8/28/2023,11.78598197
8/29/2023,11.27715974
8/30/2023,11.47856228
8/31/2023,11.87995409
9/1/2023,11.46402952
9/2/2023,11.10645926
9/3/2023,11.56302225
9/4/2023,14.98465396
9/5/2023,13.48276361
9/6/2023,12.38571994
9/7/2023,11.82388693
9/8/2023,11.80417204
9/9/2023,11.79439255
9/10/2023,11.34231684
9/11/2023,11.44319689
9/12/2023,11.14980921
9/13/2023,11.41763922
9/14/2023,11.42208929
9/15/2023,11.23446158
9/16/2023,11.19643332
9/17/2023,12.00516579
9/18/2023,10.48835129
9/19/2023,10.91554018
9/20/2023,10.82366293
9/21/2023,12.32102175
9/22/2023,13.2258156
9/23/2023,12.98737156
9/24/2023,12.10182985
9/25/2023,11.17028309
9/26/2023,11.0306992
9/27/2023,11.11479461
9/28/2023,11.73545472
9/29/2023,11.78051845
9/30/2023,10.85084839
10/1/2023,11.32601738
10/2/2023,12.28369907
10/3/2023,12.88499915
10/4/2023,12.11329435
10/5/2023,12.74811119
10/6/2023,12.35342716
10/7/2023,11.90992295
10/8/2023,11.9519322
10/9/2023,11.6774581
10/10/2023,11.3397413
10/11/2023,12.63351422
10/12/2023,13.4540429
10/13/2023,12.79723199
10/14/2023,12.49294446
10/15/2023,12.03305716
10/16/2023,11.65802975
10/17/2023,11.76298227
10/18/2023,12.05791152
10/19/2023,11.81899065
10/20/2023,11.63402964
10/21/2023,11.55365903
10/22/2023,11.39163756
10/23/2023,11.49171707
10/24/2023,11.92698879
10/25/2023,11.55062159
10/26/2023,13.6520511
10/27/2023,13.97853634
10/28/2023,13.68147815
10/29/2023,14.05541058
10/30/2023,13.77384724
10/31/2023,13.18292153
11/1/2023,12.39087245
11/2/2023,11.6941943
11/3/2023,11.14360792
11/4/2023,11.31520141
11/5/2023,10.82009488
1/18/2024,11.47426914
1/19/2024,10.34083215
1/20/2024,10.45972414
2/6/2024,11.36330328
2/14/2024,12.67706466
2/20/2024,12.12421203
4/1/2024,38.66600009
4/2/2024,38.70843124
4/3/2024,42.68291031
4/4/2024,56.72026776
4/5/2024,67.14568464
4/6/2024,66.97695417
4/7/2024,55.70996416
4/8/2024,47.60943329
4/9/2024,43.03345914
4/10/2024,40.29502305
4/11/2024,55.51203544
4/12/2024,83.19025123
4/13/2024,189.7779694
4/14/2024,271.4890324
4/15/2024,259.9821803
4/16/2024,274.4135289
4/17/2024,312.4477666
4/18/2024,237.924263
4/19/2024,221.5843824
4/20/2024,241.8053083
4/21/2024,309.252364
4/22/2024,386.6610019
4/23/2024,363.6606949
4/24/2024,394.1334139
4/25/2024,400.8817915
4/26/2024,428.2609082
4/27/2024,408.0938909
4/28/2024,400.9096935
4/29/2024,323.728023
4/30/2024,291.5178486
5/1/2024,224.233327
5/2/2024,199.3811878
5/3/2024,178.1192119
5/4/2024,155.030447
5/5/2024,181.6177658
5/6/2024,191.5573588
5/7/2024,168.8838279
5/8/2024,147.0322777
5/9/2024,138.1550188
5/10/2024,123.1638829
5/11/2024,124.0322866
5/12/2024,144.5550388
5/13/2024,167.9027739
5/14/2024,180.876616
5/15/2024,172.9619136
